,0,1,2,3,4,5,6,7,8,9,10,11,12,13,14,15,16,17,18,19
0,0.03413874606322497,-0.00355502804860007,-0.13413136614114046,-0.09780791423767805,-0.06869427978247404,-0.3769105743408203,0.01079900192557834,-0.17095399632751943,0.0953853666871786,0.06771982268132269,0.5397253319859505,-0.018060079174954443,0.005774549051909708,-0.0070427533810958265,-0.09755967312864959,0.37574090532064436,0.20114624005258083,0.16345323422104122,-0.017909105946775524,0.043256128821521994
1,0.015623215483315288,-0.0003847176767158089,-0.11394436408616603,-0.09562270644046367,-0.01855125032858923,-0.30909560736119746,0.006643627285445109,-0.1980753975778818,0.06237755834311247,0.10636127658896148,0.45999070838689804,-0.003161771389481146,0.0015729174082633108,-0.008413316388521344,-0.08055310008749365,0.31883065810203554,0.18245273927226663,0.12646772441640497,-0.013198753978405147,0.032829788090661165
2,-0.054834460144117476,-0.04886209675036371,-0.04112321210857481,0.020866692625824364,-0.16377694416046143,-0.05457004683557898,0.15758866086676718,-0.07426639903001488,0.0733523542419076,0.026163117712549866,0.02870573595687747,-0.04256311957761645,-0.026194476016703994,-0.030036537371762095,-0.11142553805392236,-0.0036058571414439937,-0.07470878262966871,0.1379583425618708,0.018491680756956338,0.006899802449997514
3,-0.009070066892821341,-0.0036491687699686734,0.03115762153537944,0.08831683996282517,-0.10060009424723684,-0.08050719140358269,0.20958354767486453,-0.3148046304404736,0.08234260625131429,0.04354193128198385,-0.025954666482657193,-0.016949662666767836,-0.01610233196457848,0.0003201069598697359,-0.0752333097472787,-0.08249977193959057,0.06237947477530688,0.04465617385338992,0.01987515810104087,0.04959883760344237
4,0.009068646209873259,-0.02704170112926513,-0.010426792817516252,-0.016421761157922446,-0.23651814434677362,-0.06370219145156443,0.3418776021376252,-0.004649777329619974,0.05295092658996582,-0.02641272942861542,-0.030879530243948104,-0.024660999123752116,-0.10947510190512985,0.00013259632422195865,-0.07115588635578751,-0.05180663898419589,0.03910308747328818,0.020367942624911668,-0.00249703911835677,0.15229812908023596
5,-0.03561922251842916,-0.005423508502892219,-0.11189700014218688,-0.028672116246912627,0.00559095083323773,0.0017366457771742715,0.4465218118518591,-0.46903335047066214,0.02551710019670427,-0.026101657172292472,-0.02893451791293919,-0.0031165740962838754,0.05629961027279496,-0.002469781467237044,-0.21137088390141726,-0.06060365994162858,0.03609677877370268,-0.04235447766594589,-0.0031409466610872188,-0.3218896955132484
6,0.002349944717052858,-0.010350280797900633,0.009501602095272392,0.016760082595609127,-0.009605666211573407,0.0020789904707111417,0.5156947486132384,-0.4726670508056879,-0.10512415632009506,-0.08967863221094012,0.04393484267424792,0.004196197607927024,0.0004946220743295271,-0.011795261546690018,0.04769864931870252,0.01680553669221699,-0.06123354444876313,0.015938163022324443,-0.006456310356641189,-0.3036693933129311
7,-0.027902658482361585,-0.0014241617583378684,0.02463447052286938,0.04081446970030665,-0.018071494179964065,-0.008255107580451294,0.4853861087858677,-0.48277249047756193,-0.13485956137403846,-0.13436668143123387,0.05166618341952562,-0.003794825439248234,0.05110222172066569,-0.011117238513566554,0.08648636696860194,0.026073575758747757,-0.09990917574316263,0.02972375413933769,-0.01260104358131066,-0.3467963849455118
8,-0.020459619833156466,0.0076028886726591735,0.18092743543833495,-0.014651921637170016,0.01849508078508079,-0.013616782747907565,0.46386024880409243,-0.36393093461692333,0.08712245149314403,-0.18693917487859726,0.03507995496429503,-0.00417142731025815,-0.017298803594987838,-0.011141098846308886,0.18028007508963345,0.009242630123440176,-0.2417968373477459,0.10440150849148631,-0.002239530013734475,-0.40833610553741456
9,-0.05531980658248067,0.010807395732961595,0.2212427130281925,0.11838310103267431,0.032577071981690825,-0.035545305627770724,0.37020523898005486,-0.5481910096645355,0.1332978504911065,-0.12128607578501105,-0.05387158187180757,-0.0013969175236183218,0.11513820440471172,0.012092452066065743,0.3890863550305367,0.05579398083053529,0.20954650285542012,-0.17717392303049564,-0.013392918096482754,-0.06333450058139861
10,0.03632232726868242,-0.0015147784230066462,0.055538941548019645,-0.10938917938843369,-0.003333163589134347,0.011572165955230593,0.3061368446230888,-0.03927464429847896,0.004371888217516244,-0.1428362822458148,0.09097317331954836,-0.009170564646972343,-0.13476071856021882,-0.023261274863034486,-0.08276872874572873,-0.03655352485757321,-0.5062065457344055,0.30438455022871497,0.006520791236963123,-0.4944750057637691
11,-0.03457403762023896,-0.010208056847052649,-0.1935242153942585,0.13469003871679305,-0.06916372577808798,-0.006362337058666162,0.3406997328102589,-0.4677741126358509,-0.3838932371765375,-0.014744906101142988,0.059479063125327226,0.004573096268507652,0.15368612072393298,-0.0025536389959976077,-0.0643595017131418,0.06148638330679387,0.1351007577434182,-0.08023328089937568,-0.014546479096636176,-0.10939247291460634
12,-0.059229143178462985,0.00029367030850989975,-0.20175391328185796,-0.06510152138359844,0.021318764208257197,-0.0005426267082482809,0.3008935536235571,-0.3792372298300266,0.14584481561779977,0.039324256610125306,-0.0873065890468657,-0.00886540071349591,0.09903623825758695,0.00620414220795501,-0.41120269863903525,-0.11912020074278117,0.12261459748074412,-0.08849006586745381,0.00016896536982312683,-0.2746440560281277
13,0.11474275780618191,-0.08858918369598687,-0.02297567758895457,0.06584713026359677,0.024654884472955017,0.015050169405294583,0.43924126883745196,-0.41277367142438887,0.0671312249083072,0.011625453965971247,-0.07075330621637405,0.013068398237787188,-0.05634205124899745,0.0006030504664406181,0.05183045701738447,-0.026670222846698018,0.18279084577411414,-0.14887246730476617,-0.0041452290801564234,-0.01695746963554993
14,0.03945632006879896,0.056748768688365814,-0.1231711270969361,-0.06132430319525301,0.0008126194286334794,0.011447591678518802,0.24453892162591218,-0.18059357793927192,0.12541806878149508,0.011360108624491841,-0.08120618598908186,0.02531429679347202,-0.1397490021817386,0.004567520004324615,-0.43441983805298806,-0.050743327594548464,0.18715321074798702,-0.0883886995781213,0.003956384319905192,-0.2022569143757224
15,0.06272781252413988,-0.021253620162885636,-0.023900721554271878,0.04293353308476508,0.0036257168759359047,0.012182132475078105,0.5032468094527721,-0.49349447361528875,-0.019971000436972825,-0.023342348356824368,-0.027208322219084948,0.031155562105216087,-0.13689481442943216,-0.0025415997803211214,-0.046347187063284216,0.008355035372590646,0.17824648559987544,-0.134044259275496,-0.005304827214404941,-0.16286720754802228
16,-0.02597170358179137,-0.008575625645089895,-0.011546327353361995,-0.055072338898293674,-0.01611911868546158,-0.0028747162473271603,0.06025514028593898,0.08769031135961414,0.03991724048517645,-0.1265957254424691,0.03257778108026833,-0.04364112872518599,0.25678952270299193,-0.013118297870270908,-0.05779066956248134,-0.024574622864089905,-0.44685717844069006,0.2806555241793394,-0.00011613962780684233,-0.31810978593826295
17,-0.11060656092166901,0.05223991520572454,-0.03689298269674182,-0.08890226157195866,-0.0063973374615423385,-0.058912414545938374,-0.017801831776555626,-0.12052015521265566,0.06308720006346702,0.031030642428342255,-0.07236132913120091,0.02222835106002167,-0.05720556175094098,-0.004418882422777824,-0.19831695655584336,-0.11657541633583605,0.010795309920841828,-0.07524922538362444,0.012340068026026711,-0.15124922586232423
18,0.10083180420324206,0.0656190374583006,-0.045515088764578104,0.035834046244993804,0.005162803841894492,0.013698472874145955,0.502777358546853,-0.49557771346569063,-0.029327902913838626,-0.0536151173748076,-0.031429112245328725,-0.005769045661110431,-0.16133471328765153,0.0294067959535867,-0.027319228178728373,0.008682870034268125,0.19748975916057826,-0.14718422621935606,0.024678660372644663,-0.18014406138062478
19,-0.013405680955480784,0.034247370700351894,0.007449135575373657,-0.028155879189260304,-0.016120894991699605,-0.0026874157890328207,0.20171345299258828,-0.03125596383186057,-0.017279421331360935,0.03245902956724167,0.03035062799938023,0.006595453547663056,-0.017076581386383623,0.009095662186015397,0.00560472566683311,-0.007003471805434674,0.07946086340993642,-0.03810359639525414,-0.0019728784947656095,0.04828675205335021
20,-0.0016275710650428665,0.046061828945204615,-0.022516515459213404,-0.013814298014389352,0.012134204762522131,0.006005402584490367,0.2296487897142768,-0.06631459803767502,-0.019160701773688196,0.03372142433207482,0.025788475400488824,0.014295681548584252,-0.02457995856264606,0.006676880335737951,0.014550894476519898,0.009086036141216756,0.030611505447328092,0.018018462589941917,0.0017515604659623931,-0.014183661440387367
21,-0.02290597253413871,-0.001534041335445363,-0.021825744553469122,0.05330029411558062,-0.005899216535012237,-0.02004445638274774,-0.015189649008307606,0.03418186791818589,-0.006445513577968813,0.08661799865067005,0.053829376124590635,0.033999962084926665,7.975651780798216e-05,-0.02366140878163278,0.020203947550151497,0.0322250805132091,0.1535341036312282,-0.132477221660316,0.0038139025261392815,0.0976865200188011
22,0.008628216510172933,0.005441162903024815,-0.06439449143484235,0.005698738769348711,0.02650780322952196,0.0038617253578500823,0.126938722204417,-0.029141801551450044,-0.004129105664475355,0.16610099771022796,0.015484675943199544,0.013283350122068077,0.009821499639702962,-0.017576244373060764,0.03547153933364898,0.038153158514760435,0.08472343716882169,-0.09263975611291826,0.011681698019988834,0.05792169197853655
23,-0.051204834675043824,-0.007793260543979705,0.06065382004324347,0.06658847560733556,-0.05540440255254507,-0.007169305765395984,-0.21283446426838637,0.07546159201785922,-0.005280593068851158,-0.1300221619345248,0.04411351512763649,0.02160058484300971,-0.010381161681190134,0.0020031299000489527,-0.02042809430574998,-0.013574025639938191,0.08263316195346415,-0.06451541511192918,-0.0144276337582618,0.030799168624170124
24,-0.008052128632413223,-0.04153037116862834,0.03786770043224096,0.05235697831902653,0.0501816107256338,-0.027313009735569358,-0.03534913743603975,-0.009466510559152812,0.0051608971265377475,-0.06292844174429774,0.04728185502663255,-0.020044121744669973,-0.0030316210255143233,0.02693397096982226,-0.02720826701382175,0.026066784765105693,0.08893254252038896,0.010869709507748484,0.005643006304441952,-0.031605742627568545
25,-0.03741143503282219,0.01713497711867094,0.0017198372100945562,-0.04648710951488465,-0.08059340083599091,-0.03098450139304623,-0.04878196514472365,-0.06543008415102959,-0.007159954403876327,0.03284752794317901,0.08901509635411203,0.018249020584858954,-0.026326638898439704,0.0014880795604374725,-0.031190991048514843,-0.010790806223032997,0.04034118671491742,-0.10188221062161028,3.4113814101874594e-05,0.08551951125301421
26,0.005506772301858291,-0.012763371739303694,0.005566766578797251,0.020258799086045474,-0.041235753240808845,0.017203570402413607,-0.11804693954661488,0.08429604189023375,0.02036397853968665,-0.05401213139742613,-0.054820908814109864,0.0014315417259698733,0.017645686128735544,-0.008918511746590956,0.05215157748516649,-0.006415611336589791,-0.05560767213162035,0.013401375041389838,-0.012796754238754511,-0.02104365042792633
27,-0.02718687454191968,-0.03944868007227779,0.07835946995988488,0.055697046599537135,0.045694456675089895,-0.03863980536833406,-0.2019150472894311,0.1285977590866387,-0.02728571373457089,-0.09383993899412453,0.04656945546027273,-0.02197611645311117,0.009110752963507548,0.0004411808715609368,-0.02922635056814179,-0.012110776385245844,0.10012416903339326,-0.017052606116794048,-0.0108368375106249,-0.0343007793802768
28,4.211064744304167e-05,-0.010560923682013527,0.02776045583076775,0.004859026059880853,0.04432636035718024,-0.024779745021555572,-0.1333165440969169,0.15045088464096187,-0.03330621084999293,-0.03461154129672796,0.08123822754397989,-0.01939417881090194,0.04877790419626981,-0.006496471503865905,-0.01278578684157692,-0.05772381077557802,0.02583844727165997,0.027156200419180095,-0.016246948292385786,-0.04335049870815128
29,-0.031987298915535214,-0.03665738456565887,0.07175486123487353,0.06541256074868143,0.00021241512332053388,-0.02967629514299333,-0.14914043151587247,0.048404614723660054,-0.0018374006948666647,-0.09699505304433405,0.0060179138497216626,-0.012433754499536008,-0.03273405714277178,0.01020949776028283,-0.020072073139157147,0.02832732035657391,0.10814824775792659,-0.04344947029296309,0.002751912228576839,0.0019294144081301056
30,0.03605862115267664,-0.020097629276383668,0.018361525978613645,0.027543695534393193,-0.030283634038362654,0.023632935963757335,-0.2315560957431793,0.14912712060958147,-0.05931011655535549,-0.047199577947333454,-0.024351003204938024,0.026097985499724745,0.024551359053887428,-0.018796310682594776,0.10320895990170538,-0.06334431808069349,-0.18018335612788797,0.008204550056299194,-0.015969835376366974,-0.02870644770413637
31,-0.0038868819979485125,0.004952647071238607,0.11061299697086215,-0.0006833608995482791,0.002550375320855528,0.007800677617406473,0.3581950009047985,-0.03702639878224581,-0.008472245027543977,0.3919533869713545,0.013783828950161114,-0.0030827144107839557,-0.00038747592457802967,-0.018968577853031455,-0.04252385214790702,0.01232313526715152,-0.021069780025631188,-0.04100213356018066,0.0003337069753557444,0.057285615207254885
32,-0.0530166259419173,-0.003699523729842622,-0.18179850831329822,-0.09199548022821545,0.0034817634038510734,-0.01892400313494727,0.27446632389724257,-0.16525996244102717,-0.003207718876574654,0.33470562977194784,-0.028373216281645,-0.0014546905959316064,-0.04905632023699582,-0.006875789281819015,0.18873792033046485,-0.008455093389051035,-0.01425603791284375,-0.022176577830035238,0.013188152696471661,0.10304019751474261
33,0.037087883939035234,0.013579302594903857,-0.2223835464440286,-0.0431869717458263,0.0036061630806536412,-0.0063153578688157725,0.03319421614054591,-0.101358885005489,-0.09136208226196468,0.06944422365985811,0.02197478348724544,-0.024326731469389053,-0.010232029666844755,-0.004586877534608356,0.030762217984348535,-0.04225886437091977,-0.015398473701719194,-0.03975842069257051,-0.024004414901509882,-0.016592335802409798
34,-0.27924531115293505,-0.011216477730870247,-0.047256256156228485,-0.11349176924973726,0.011732960463128984,-0.07398045148961246,0.23425933655947448,-0.07482041893303394,-0.04162812087610364,0.32684816166758535,-0.037278712601028385,-0.010437155855679885,-0.2391412393733859,-0.04396724421158433,0.0992061087988317,-0.0028301427212776616,0.08059424365907908,-0.047990772397816184,0.02916034443564713,0.19130002999454737
35,0.10995072742551565,-0.015497153814183548,-0.20748031384646892,-0.05325922269262373,0.00048459750667389015,0.02661925070118159,0.26064635352045296,-0.1888147436067462,0.034801219317503275,0.281687575301528,-0.015995337990671397,0.013121183595759794,0.1023491324260831,0.022173901592195035,0.21532764041870833,-0.0008787171486153966,-0.08306592490151525,0.004275526262656785,-0.0006660582993616118,0.014495309854391963
36,0.10015774426683784,-0.0335995223838836,-0.22896336889714003,-0.03327846028227359,0.01332319999220781,0.013216105836583301,0.24716891712397338,-0.21329492037445308,0.012834419999830425,0.25859722088724374,-0.011081515764351934,0.011560171042010188,0.12161162592843175,0.01308822015528567,0.22740021926760673,0.009987216002400965,-0.07528074607290328,-0.005272141449642368,-0.0030605253872810862,0.0018647461203043349
37,0.08775482078269124,0.03614343689084053,-0.09017352130673825,-0.09461256879419089,-0.034753341575153175,0.05165843409486115,0.24404558375924826,-0.07497634089924395,0.07584666730351747,0.287360077740252,-0.034906827106140556,0.015003397597372532,0.019969677417445927,0.04321658473405987,0.13136910272613167,-0.02728948615966365,-0.08662523457892239,0.03385701407417655,0.008401074321288615,0.04114396064393222
38,0.01863897202219814,0.0016257390123966616,0.2546947382673621,0.04296957542132586,-0.002437183154572267,0.021554202223103492,0.36034927933514116,0.033511551883630454,-0.009780027485219762,0.3844692665755749,0.035449630701355636,-0.004266647113114595,0.02542770464764908,-0.02596105918250978,-0.16072822279781104,0.020217520985659213,-0.027262795077450573,-0.04718246559426188,-0.004762455441034399,0.029546922248601913
39,0.03917944246158004,0.010934094847831874,0.07292044281251729,0.04902701002843678,-0.03241507863011211,0.029570676566194744,0.31167927950769664,0.03875118275415152,0.03661827156636864,0.34006788260638715,-0.028996218531765042,-0.002021362922998378,0.011490206581307574,-0.008746155117172747,-0.06092589929942042,-0.006088560232170858,-0.03253717086985707,-0.038504574529267845,0.004341820843005553,0.031990928335208446
40,0.008326273566903547,5.9162750281393526e-05,-0.1047404454883188,0.009909037620341406,-0.0019969430193305018,-0.005576488006161526,0.28222245065420865,-0.002984844347683247,0.023048730776365847,0.2650407999947667,-0.022320129845198242,0.040903878162242474,0.0014895451813936233,-0.02383821880891919,0.03275541659649461,0.00514030221241992,-0.022345209490694105,0.045260592609271406,-0.004548961437307298,0.07396053147576749
41,0.03526437026597559,-0.005555645994492806,0.09455364786759018,0.01365689851436764,-0.0002944228890730301,0.058367773487791416,0.3029085178807378,0.0277256860088557,0.038500483617931604,0.26884776692837475,0.0012177188009838574,0.012904073565034195,-0.011629404920805246,-0.004938144569657743,-0.06717619862705469,-0.0010442705339664827,-0.005715863958676346,-0.06542968465387822,0.0074836636262713,0.035845209865085784
42,-0.08969450385868549,-0.05528712147194892,0.020019833881687373,-0.06850364808365703,0.0037445424544741398,-0.026758417537249626,0.15291593277826906,-0.09093552560172975,-0.015404132818896323,0.20799336432814597,-0.03390388454347849,-0.06641620566435158,-0.0027924118223483676,-0.05138480776641518,0.024549634830560534,0.015101233302382753,-0.06729126971401274,0.03135611887425184,0.007307635281723924,0.09756429455280304
43,0.040077127971500155,0.02664948071120307,0.32110348384827375,0.06644423088021577,-0.03662957410365343,0.05437188761234284,0.0702503813676536,0.08411088462583721,-0.027969196227844804,0.10763784379437566,0.09621917000189424,-0.022425187767110766,0.06110122174993157,-0.031218764612451197,-0.1740837664179504,0.05696345656327903,0.02503012876268476,-0.07676267643012107,-0.004371271487884224,-0.0992512044902891
44,-0.07007061028145253,0.047373717653751375,-0.04079534717686474,-0.05361279298327863,-0.006830546467984095,0.0030853304473217576,0.17721013753414155,-0.0049987843759125095,0.040411798107810315,0.31676472177505494,-0.019683564874716102,0.020528044368233533,0.012811418560845778,0.02985633691968396,0.09746926407255233,0.007669625701149926,-0.08760808139257133,0.03261835016068071,-0.05986175924837589,0.020505459446739406
45,0.02106255977144465,0.016436322467960417,0.03972766429428011,-0.02239125125305727,0.005614491556282155,-0.01616059189857915,0.25397987133562566,-0.15346851275861265,-0.03784602961950004,-0.02949206522796303,-0.03842244250867516,0.0018646510977880098,-0.055665368805266915,0.019074766626022754,-0.02889319461369887,0.028025853994023055,0.14107956847697498,-0.026094403690658508,0.013475301566254348,-0.04755830484032631
46,-0.018483742876630276,0.06633282900340855,-0.06763139099664986,-0.05284469325728715,-0.014158912030234934,0.01706779706310481,0.18649855367690324,-0.010946513115521521,0.0291605667475611,0.3062481951624155,-0.024589111167006194,0.01758763867826201,0.033350510895438494,0.03116094796517864,0.10077763285115361,0.006355567357316613,-0.09383958130590618,0.0525215895999223,-0.05636420075353235,0.005694963253545575
47,0.0023842009574058464,-0.018233113165199755,0.0064137310807593165,-0.013228315656958149,-0.0009607491913891863,-0.00153929160242551,0.025081794058252126,-0.022548517528828232,0.00518543700214941,0.0067039350921288135,0.0007267686655046419,0.013009348316816613,0.002208507672150154,-0.17235458358973266,-0.0009634598468139302,0.006419140195706859,0.02188331306548789,-0.01711539783924818,0.04372901303246617,0.013478450024081394
48,0.036183801756612954,-0.00788762824148871,0.021988669144175948,-0.0009043573124334216,-0.01114507990591228,0.022138245545234532,0.009212425050372258,0.007681184270698577,0.016685368247888983,0.02437087662992999,0.007995548141747712,0.002030808728048578,-0.013987475674971939,-0.14953841045200825,0.05015921938102692,0.005885896749026142,0.0633061228133738,-0.04500348361991346,0.03317030329704285,0.016496668391674758
49,-0.017300080585666,-0.14242914239540697,0.059760708177275954,-7.505134266975802e-05,0.005299684039270505,-0.005874413012876175,0.03313290010523051,-0.0623053182547912,0.00888094954150729,-0.004169130560383201,0.035568420805595816,0.04661810954585671,-0.011620142316026613,-0.15122688340544702,-0.01872228438956663,0.01334210972492583,0.03848765292707831,-0.029954588614031673,0.05950484143830836,0.008675266011757776
50,0.016760852186754344,0.03641369909085333,-0.015536462564626709,-0.013818367690593004,-0.012211094058863819,-0.004242847965355031,0.01582435892485082,-0.024862228053342553,-0.0017266881638613996,0.007669394407561049,-0.011273500933218748,-0.00215665072662523,0.008905378286447376,-0.17182752232402562,-0.000313981379334291,0.005122148728906177,0.025615080989059062,-0.017418481237068774,0.032522917521744965,0.011789475614670664
51,-0.012919570326758549,-0.0026788728935061954,-0.011234863497735932,-0.01435401791865006,0.01043206873643212,-0.009549906895961613,0.03033719553882256,-0.0008754240572045091,0.00777420956143178,-0.0007699965323205106,-0.010512459040386602,0.012855374652147294,0.007609223606763408,-0.17049578581005334,-0.006733572487696074,0.007630600675125606,-0.011980080386204645,0.00809624951207079,0.04507216082401574,0.018316313486173748
52,0.007562688163295388,0.018422413160745055,-0.016235679892171173,-0.01607550469851121,-0.0014519737297145185,-0.0007796716991811991,0.0358934603644535,-0.004580570072541013,0.0019703200653311795,-0.002062468791846186,-0.014884497717721388,-0.012674579286156222,0.007063681044406258,-0.17433203445076942,0.006705934516130946,0.0044616977794794364,0.01729506644308567,-0.005273710137186572,0.0399121063683182,0.01727557522011921
53,0.04058487513493746,0.0059504790859064086,0.0001435906742553925,-0.005350794661208056,-0.0127167380976025,0.006936295410245657,0.02620360797047615,0.019147498986590655,-0.0027714431799482553,0.010377464628359303,-0.0189228592120111,-0.029629548763018102,0.01815789029272273,-0.15835817158073187,0.021763498747721315,0.01388918982804753,0.05833523955307901,-0.022435660022031515,0.03991553484685719,0.018401698721852152
54,-0.031176396421343087,-0.12607360744848847,0.02903515925910324,-0.01243279272429645,-0.0016020703011599836,-0.005560903162474279,0.0350811108680442,-0.021214248269610107,0.008409612930892036,0.002815494628297165,-0.0016253538590623065,0.03361971710138023,-0.0064433694638079035,-0.16010977722406386,-0.027022295675985516,0.019965458832867444,0.02772560326391831,-0.02205907306279987,0.05944633869752288,0.01833787196921185
55,0.018079101052694023,0.08876513934284448,-0.03773588338997215,-0.006888965463661589,0.004993647657032124,0.001438909856369719,0.03530900272801518,-0.008132736865943298,0.0032421806789236143,-0.005855941244051792,-0.005476234162412584,-0.035977293127588926,-0.005583908065315336,-0.17182630858570339,0.014120275363372639,-0.008410439770948143,0.019911283077206462,-0.006284611141844652,0.02686827185191214,0.02284430436398834
56,0.009363985086325556,0.02223790976330638,-0.018496651452686638,-0.03234859823621809,-0.009208445954462513,-0.0008766692885692465,0.034564105716347694,-0.010005173255782575,0.0022469891620683483,-0.003213226115109865,-0.02448283932786435,-0.0057892871524672955,0.025339900826755912,-0.1724054287597537,0.012068527374835684,0.006324321293737739,-0.015753131302352993,0.012415864024683834,0.04037824349068105,0.011810771597549318
57,0.08255842113755643,-0.025782847070787103,0.007615339381340891,0.037892900004796684,-0.0030813687223708256,0.038973707540519535,0.45298103103935716,0.0695362942416221,0.07633404067270458,-0.11905228282362222,-0.12131349271200598,-0.036473367176949975,-0.011191847734339535,-0.0003586081442903378,0.003567625717353076,-0.08423432634770871,0.09757700228877365,-0.05952006662264466,-0.02753453785572201,0.05822054335232824
58,0.018705528526287526,0.0035612519556540065,0.006044289101124741,0.07864201141670346,-0.04027949921786785,-0.05925502062924206,0.13794118035584688,-0.2369739239424467,0.02428870290722698,-0.014680212291702629,0.026852907844167204,-0.012086744625032588,0.009496436972124503,0.0006899676810775418,0.048830726575106384,-0.012940417231526226,0.05085647447872907,0.01776064735185355,0.007542448571394198,0.029311690264847128
59,0.01926783385053277,0.0012156607229961082,-0.019770380951743573,0.05273443574402481,-0.007532567616691813,-0.024262673560529947,0.0862713480696082,-0.17406586483344436,0.01046824042359367,-0.010175535969808698,0.030640213926322758,-0.007201048766681924,0.0019389646737021395,0.004067755891010165,-0.014087204342335463,-0.018163333011604846,0.02228847027402371,0.022247578717488795,0.008540558107895776,0.019475951985176654
60,0.0959931159440428,0.05490702532455325,-0.19622254268079997,0.006187276735343039,-0.0499025001231581,-0.03492856205701828,0.04161373910456896,-0.10027500056736172,-0.016412207873072474,0.07990602844990789,0.008425477466126903,-0.03204424522798508,0.003526821437687613,-0.03584516213238239,0.03792324743811041,-0.04140388392694294,-0.06117553321495652,0.036658309087343514,-0.04558736152499914,0.047487741916067895
61,0.15463177576884626,-0.020871891631744802,-0.22269750744104386,-0.006444497789163142,0.021663891442772,0.023285375185962767,0.12999186140745878,-0.018985103633999825,0.02157054804246873,0.20762696105092765,-0.06433410773128272,-0.0008150098340935074,0.017155739950295536,-0.007560197485308163,0.01275328100034967,-0.027625039286818354,-0.08837795616947114,0.0213337964146398,0.0005756032059871359,0.021448874051496387
62,-0.020237101572006942,0.016382103912066667,-0.0916682171639055,-0.07081353210732341,0.06004233090057969,0.022540297586005183,-0.4175618648380041,0.06957946063838899,-0.032409771936945615,0.1447729950979352,0.058181206385232505,0.03227463599666953,0.06397315755225719,-0.007126549860835075,0.02721838365867734,0.0636976253286004,-0.17232824955135584,0.07626859221495688,0.011404954049643128,-0.05358983401469886
63,0.0041774037778610365,-0.014381732241250575,-0.012811403136793523,0.009750914583355188,0.1778933483429253,-0.028171790280006825,-0.033509322443976995,0.006483584744215477,-0.04872833288591355,-0.011731119870999828,0.08166070362813771,-0.00805684836972505,0.06559370577596128,-0.001234101517876843,0.11710153870619834,0.011562699602730573,-0.0578101779865101,-0.01711096279518679,0.005951247519650497,0.03835782205555588
64,0.018850478195678443,0.011357903485838323,-0.012747023412073032,-0.0388391955031082,0.16164345941916108,-0.08965872783884406,-0.07534618934094905,-0.04070052344780415,-0.05063564451038837,0.04381559501737356,0.06938033489137888,0.01698491818960756,0.01114332024436444,0.0007693578435253584,0.042271959797106684,0.04569673742391169,-0.043226736425980926,-0.1524943558998406,0.005979835022054613,-0.015002377623599022
65,-0.1416839677385986,0.0702372191272676,-0.006412505806982517,-0.02973831466836855,0.07102806303501129,-0.03004399386541918,-0.328098724848032,-0.09021774586997926,-0.046234418857842685,0.044835135464929045,0.12621528382003308,-0.056414765824750066,0.0007173277210604283,0.003871727238106541,-0.036501975166611376,0.09327210707366466,-0.09559064940921962,-0.045992142996378244,-0.013603338861465454,-0.06206956683211028
66,0.0913004327069968,-0.0005262125266279326,0.032358371511846784,-0.06652608835101127,0.06853548923656344,0.03825574008021504,-0.1618990488655865,-0.10393024241030216,0.11987248881012201,0.0595980082411319,-0.043469036626257,0.033362777083553376,0.0027412684594397435,-0.0012315473172347993,0.06489407131299377,0.06207946896962822,-0.02490291861090809,-0.053372881439886985,0.0004391694710298907,-0.13693210991322993
67,0.11782564696110785,-0.02175410207370296,0.08082706849612295,-0.09597598197236658,0.24616878075227142,-0.023541687878314406,-0.07300613972954452,0.040531674330309034,0.13114239190667867,0.049981111148372295,0.0014330703146231826,0.031454494427051394,-0.060295879509858784,-0.0008393419034051476,0.16778725085854532,0.08215977317430079,0.03921181118506938,-0.1136646282184869,-0.016254463932849468,-0.04163116956464946
68,-0.007397419292805716,0.01372735483464785,0.03566554350480437,-0.06721393513530492,0.049070905810035766,-0.02448954167123884,-0.008819432377209887,-0.0021780347960302605,0.017283960995730013,-0.008978823789209127,-0.012703084688261151,0.024621467594988643,-0.012034908217098563,-0.0007890224505594233,0.03677941071018576,-0.011531168150855229,-0.01928834759509191,0.030251054445467888,-0.005778545555868186,-0.0167018437679857
69,0.05122773764841258,-0.004618498844257556,-0.04161437820717692,-0.029837533988431097,0.07400888774506748,-0.025995694554969667,0.07311810817569495,0.04690116442386061,0.047318868707865475,-0.012182717635016889,-0.026473192260507494,0.010904376748902723,-0.030874502642452718,0.0008705800626252312,0.0036291679500369354,-0.04198125225938856,0.041683633771725,-0.13903818838372828,-0.005229172488301992,-0.08911500032357872
70,0.014018248362839223,0.0007781770501896971,0.01663718269187957,-0.07955707130916416,0.09376270584128797,-0.002514556598593481,0.025476180432271213,0.03682936820536852,0.07867038506530226,0.02945229717362672,-0.012258056057244539,-0.000471753284233273,-0.06377557363957166,-0.0030385083705186844,-0.05599331561215222,-0.024119356563221662,0.0007183860047662165,0.007582684825500474,-0.008662461852328851,-0.07127092362940311
71,0.03361631205268204,0.0009436854858824518,-0.01874764734338969,-0.017376063162460924,-0.054269157858565446,-0.3603274606913328,0.064267176309973,0.028235737690888347,-0.009576022955216467,-0.0276382718000561,-0.533771434533596,0.009100316388951615,-0.008310998036758974,0.0015871516133018303,-0.16446972754448652,0.4556909264653921,-0.19375737082213162,0.01571263158340007,0.013344932992756367,-0.03777706913035363
72,-0.05043178501389921,-0.004876648501679301,0.08951283961497247,0.0004171073813689873,0.049920442723855374,0.10427600795142353,-0.0013836294685315807,0.13275437058210374,-0.07384328381828964,-0.020149897601176053,-0.61689557492733,0.00892674387912266,0.024111285842675717,0.0026113570626359432,-0.01575369681864977,-0.020067418000474572,-0.24749130195081234,-0.04438932770043612,0.013077355924993754,-0.044257570870034395
73,0.00442421905901283,0.003314109214709606,0.0527300009265542,-0.032228463923931125,0.027697362719569355,0.009026023042900488,0.40049707691073416,-0.1401092017993331,0.003304556800588034,-0.11778723593652249,-0.040287560611218215,0.007492669832962565,0.020039081266056746,0.017682663724943995,-0.09801412778273225,-0.03769951146505773,0.035554491189308465,0.5294088840663433,-0.0029919021690962837,0.5914880341768265
74,-0.005748408282385208,0.002134028109011706,0.04575347264409065,-0.027910222456417978,0.02548344234097749,0.004733671307284385,0.40348643686175345,-0.11737199858501554,-0.01366608512122184,-0.12036370433792472,-0.049430641382187605,0.003631390633806586,0.028009597400482745,0.020283060245029627,-0.09185443136617541,-0.0416040490815416,0.043746082168072464,0.5253286263644695,-0.006276113498187624,0.5790954683542252
75,-0.02613387644998729,0.028824757308140398,-0.07978411608673631,-0.011885986505588517,-0.04506319643780589,-0.013941669101268053,-0.3827447830557823,0.13869464697912334,-0.022108320719655603,0.16767001830637454,0.0343289769358933,-0.017990111195575444,-0.0037947578409221025,-0.023004021206405014,0.10183231749609113,0.017945912705827505,-0.05653774794433266,-0.4586931750983,0.001116165482631186,-0.56219213565588
76,-0.07041582063101232,0.02140533375190571,0.16213080331981183,0.004777070509945042,0.04180922695035115,0.027005031800456346,0.15219577714800836,-0.0652113966409117,0.05046646462660283,-0.2283399734020233,-0.0370265677684918,0.04044473548773676,0.004107335779839195,0.00606662107447628,-0.07644654943123459,-0.008521623624209315,0.07697997479811311,0.3440458039313555,-0.010723220132524148,0.3661352203845978
77,0.0766915061749518,0.015950261502340437,-0.14063149617537857,0.32676807625889775,0.018214743369817734,0.011890209252526984,0.22718132513910533,0.19972926114052533,0.00119491692330339,0.13573615844100714,-0.05494152303840965,0.028661112539935855,-0.03285198652073741,-0.010975358439655974,0.028282418137416245,-0.025574820599798112,0.027374038821551948,0.15849516468718647,0.0318006912836805,-0.07788669878542423
78,0.06356564464308322,0.008658329327218234,-0.06284507190287113,0.21666696385666728,0.04001942285466939,-0.058818317497894165,0.2216347313441336,0.23748398516774177,0.11599505079574883,0.15440229393318294,-0.03886723768003285,-0.014725502958102151,-0.05926124745160341,-0.015251389513909816,0.01636387686971575,-0.050533197489567104,0.1261629944704473,0.17118642436414958,0.01070913347764872,-0.2539727354452014
79,-0.008274656269233674,-0.022899608313012867,-0.18249276562780142,0.36761344518363476,-0.001417195569589967,-0.05352405282165855,0.23980526442527772,0.29448560543358326,0.01170225987220183,0.11716998045295476,-0.02399880046825856,-0.06230031176954508,-0.037600497809424996,-0.011812470824597403,0.003928740560775623,0.0028160661892034115,0.19087466313540935,0.36910937939882277,0.022088231599796563,-0.20922652375251055
80,-0.008552929728804157,-0.03639856276530772,-0.1469916921533644,0.32678121206462385,0.018245336490496995,-0.026236182311642917,0.27441878837645056,0.3716946594506502,0.02974815919343382,0.13253623214662075,-0.04323176052737981,-0.07788733872398734,-0.04555872708261013,-0.014590085329860449,0.05822877689823508,-0.0006733448619837873,0.24814547045826912,0.36459560910463334,0.00938694762289524,-0.30740021257698535
81,-0.02227672228803858,-0.03598859704919159,-0.10085392146781087,0.2027399710327387,0.012346138025168329,-0.0263316351425834,0.29443789467215536,0.401024779471755,-0.0011680110150191468,0.10961456234529614,-0.05033296585418284,-0.0751461178228259,-0.00758143597447779,-0.012659435321297497,0.06920238464772702,0.003064732965012081,0.3134826675176621,0.3722487262368202,-0.005032044470869005,-0.3182265517055988
82,-0.013637883180379867,-0.012219823949318379,0.04189918678188696,-0.22640388137996198,-0.012838126067491249,-0.005443796577979811,0.3317626359909773,0.4539106453806162,-0.0543498210368678,-0.012699614055501298,-0.09506219080686569,-0.04066504927556962,0.047894060643576084,-0.009523439707560465,0.05375667962580919,0.014516007581958546,0.4311775608360767,0.3359894197225571,-0.06956375880427658,-0.30839756631851195
83,0.02823671244448051,0.005452317537087947,0.08827110661789775,-0.3620642431497574,-0.01362371106487699,0.016914173299167307,0.29972520295679567,0.40869111222326754,-0.049935032677836715,-0.03463947117552161,-0.11227439567223191,-0.007237427039444446,0.03631665692832321,-0.008992536593973637,0.04755289297476411,0.01139193903710693,0.4610176664054394,0.27003723999112844,-0.08579088011160493,-0.3023295237332582
84,0.06267191319689154,0.009800932647334412,0.09982747974917293,-0.3876075854718685,-0.01116166295320727,0.03875519945397973,0.1439926065348089,0.33195812047123907,-0.028572655319795012,0.024103928858041763,-0.09256044621244072,0.027953172865882517,0.025496426830161362,-0.010924151714146138,0.06510998293347657,0.03788986185062677,0.382422616443038,0.0678579893451184,-0.08929543282464146,-0.3725120264917612
85,0.006345497075608,0.026979888706933706,0.07095164649523794,-0.38229693317711355,-0.013052288324804977,0.021477242662943898,-0.032225576539710164,0.2574937386438251,-0.02519309121435508,0.0838605473689735,-0.03840560856461525,0.03477452329993248,0.052958570064231755,-0.019650159886199982,0.0776287525486201,0.05164438865929842,0.27272148375958205,-0.013059818194899708,-0.0787621961697936,-0.4163528969466686
86,-0.028743600890878587,0.04205706034358591,-0.0006196333627158311,0.03866451635286212,0.0005691798129897507,-0.04770603578798473,-0.1392592412829399,0.23551722621768714,0.019063657229952513,0.024954122445825486,0.07174201819933951,0.14759842857792974,0.05573836809787899,0.02531020092796534,-0.024036738868430257,0.014230266549438238,0.04210475563704968,0.06490831658467651,0.025848695408832282,-0.284363093650341
87,-0.0910445923872292,0.1209860307559371,-0.07215210875272751,0.10558183119148017,0.003542156412405893,-0.03967059150524437,0.18758673854544758,0.12595839337408543,0.018014853959716855,0.06209072084184736,-0.00021704429974779487,0.04550244210381061,0.007238934407290071,0.05580104752108455,0.03335885272957385,-0.009617701392387972,0.12147257707305252,0.2075554799452424,0.14142714663743972,-0.12417633493840695
88,-0.059652512122318146,0.12317098292782902,-0.06214726037569344,0.1029555017709732,0.0027750078105949795,-0.03133653806857765,0.13589964326918125,0.18911330788582564,0.006147110372409225,0.06451173490732909,0.010214510868256912,0.129129560803622,0.03140734665486961,0.04519270759522915,0.03687234844826162,-0.0064636230909498405,0.12761258072033524,0.19361043334305286,0.14463962568044664,-0.1904960731163621
89,-0.03715009683780372,0.008284235683456063,-0.018962954131513835,0.08131368963085114,0.0048600811527809125,-0.025279933312442153,0.13844920591115953,0.1954917602211237,-0.005681870427355171,0.04742149303983897,0.018277355767041446,0.21637741504013538,0.05591135810129345,0.01735575217679143,0.008392044482845813,-0.004299152377806604,0.1390170879483223,0.16821869342178106,0.14562901501357556,-0.20031354202330112
90,0.025784511935524643,-0.06495437951087951,0.03979521695431322,-0.06896084639728069,-0.001232574363227468,-0.003657627093431074,0.10635713937059045,0.08550586994327605,-0.008576562710106372,-0.014988627463625745,0.004984953645628411,0.06471360362358392,0.029705728656053542,0.06383207205459475,0.010911639025667682,-0.0042858787949662655,0.10869024171531201,0.04933095476645976,0.19534498109966517,-0.11482031756043434
91,0.031081725409813226,-0.03323204434961081,0.0255446552217938,-0.09550232955813408,-0.0028704338925657795,0.003528478239499964,0.0782551310043782,0.04345545131005347,-0.01912053444730118,-0.01567359281880781,0.0008790015072678216,-0.0018624871525506023,0.02204314729962498,0.09289644422754645,0.012648032377287746,-0.001202548456558725,0.08857346512898803,0.02470015266891569,0.18720639324635266,-0.07407400132194161
92,-0.006593431129958481,-0.0009646323211258277,0.049102671755477785,-0.09731619955897332,-0.00906133319605142,0.0007284580903185997,0.009545204911008477,0.04137419037278742,-0.005731806836195756,-0.03407532146684825,0.0004999754076969111,-0.06456862180307507,0.008004031278146431,0.10202943445593118,0.017217628278397023,0.009258418384427205,0.06008255430161953,-0.011362606766447425,0.17181910779476164,-0.05248368257246912
93,-0.02011749518895522,0.032503366994298996,0.061130675487965344,-0.06441314108669757,-0.009343081532930956,-0.0031928191479528322,-0.0474600677439943,0.06820547435060144,-0.01452294772779569,-0.07907514835000039,0.008798091059317812,-0.059134900315478446,0.010534046849748119,0.1036050476886332,-0.005166065757186152,0.01602202239250764,0.06916979875601828,-0.019121033005136998,0.15091066483557225,-0.06298894285969436
94,-0.0628371829809621,-0.030192081432789564,0.012565296589350327,-0.04281818534731865,0.018619042982254176,-0.015037614136468619,-0.11363409760259092,0.06803699118867516,-0.00873527448629029,0.10194700630046427,-0.041573143879137936,-0.0231543416922912,-0.010612468067603185,-0.0005515607652079779,0.0329157860070467,0.012909994798433036,0.0044311489383922886,0.08275646806135774,-0.035203772309795024,-0.2992110883653164
95,-0.043616805730015036,-0.027131053589005024,0.026736337905190886,0.0033648378340760247,0.028316243201028556,0.024571666349470615,-0.01465217603398487,0.08457560322694481,-0.029145591003540902,0.04388251461796463,-0.06228242574483156,-0.020688309604115784,-0.00848361127404496,-0.010166500991070642,0.028136969274748118,0.0065693516926839945,0.044775569792091845,0.2021193444877863,-0.0297922576979734,-0.15587526251897216
96,-0.0150914780148305,-0.007168649090966209,-0.00614001006889157,-0.0584881994381547,0.0002744214007019764,0.02317068754080683,0.08840771328359842,0.08341835676580668,-0.035898581680469215,0.0029975543412845583,-0.054400280022993686,-0.03943778299801052,-0.021021825735550375,-0.013580582100292667,0.06541362889781595,-0.0037605975929880515,0.07778783301748335,0.19417706413939595,-0.04379218018930405,-0.09425831966996193
97,0.06142763089947403,0.026880804732441903,-0.01651300483038649,0.006310624391678721,0.01647341785207391,-0.006317621690966189,0.1413167996786535,-0.0796528255496174,0.028455263011995705,-0.05683078073244542,0.06869521682485938,0.018073294474184515,-0.002523337185999844,-0.006077107272879221,-0.010865396592393517,-0.020302348977327345,0.08144308985061943,-0.04558994484376162,0.012810727482335643,0.1707959685370326
98,-0.08381912781223655,-0.0038840504659339785,0.01311043261741288,-0.035204370302520695,0.025616232810914515,-0.057084790053777396,-0.20899251999929547,-0.0067696694692131135,0.020208105278760196,0.14803101624697446,0.02684766949461773,-0.0074740023051388564,0.017062464493978767,0.0056359869610983875,0.01598814825201407,-0.011644595486670732,-0.05271366464048624,-0.13861426772177218,-0.005131073037860915,-0.33987258439213036
99,-0.032517204052582384,-0.0038374982898239977,-0.11436992514058948,0.022455587543267756,0.00025311287743970753,0.22191230790019034,0.5319926954627037,0.4009801396220922,0.02682556661395356,-0.22990851892828942,0.04844232886116952,0.0012377746827783994,-0.002613076191674918,0.005165164568624459,-0.004861111040553078,0.19369737218171357,-0.10136415922418236,-0.20494160252213478,-0.014524029034096747,0.1632812175258994
100,-0.02812748350482434,-0.00028305687009269603,-0.11709158033505082,0.01857155595831573,-0.008632080784393474,0.21309604821950198,0.532208961302042,0.4005136428385973,0.02450199996633455,-0.23510052586197852,0.050177065613493325,0.0024185696718399415,0.0014112648736103438,0.005005333905294538,-0.010912991005694494,0.1926509811922908,-0.10603443417102099,-0.20488951412290335,-0.014135206059925258,0.1697162399157882
101,0.04122612744048238,0.007429522696929053,-0.06046110289990902,0.030399656416010112,-0.051754980957880614,0.1053167750492692,0.4664712086647749,0.34273747507333757,0.007461309705954045,-0.21461262052059174,0.04829425100237131,0.012164179037185386,-0.0037016791784670205,0.007617736789002083,0.027359041114524005,0.1118886858984828,-0.04482866862956435,-0.1970730288878083,-0.01713180384738371,0.19000671138837932
102,0.0030179502388346007,0.011207435479993,-0.022123690586723387,0.02265217799441889,-0.09174336617998778,0.06460388452596963,0.2689513655290008,0.15339523467496038,0.009033764534117654,-0.15328401484265924,0.00828904452798888,0.016003052828181534,0.05517311273664236,0.0011609774295589887,0.020452714517246933,0.08677867077253759,-0.12757645650357008,-0.11621857527978718,-0.004892802029009908,0.08591737903878092
103,-0.025113582413084805,0.004772794417035766,-0.07118865629732608,-0.04946234948616475,-0.010301151766721158,0.08602716527469456,0.2067776793859899,0.27108187610358,0.017340420190431177,-0.10951477598808705,0.014533247382799163,0.004104523862875067,0.026649819269776345,-0.000820450130518293,-0.09639215299282224,0.05612288666795939,-0.024828026746213438,-0.0455396423375234,-0.009624568698834627,0.0516024136595428
104,-0.03522319624572992,0.023032298978511244,-0.03670842774398625,-0.04451470927912742,0.03682986962012946,-0.0018283558343886398,0.11642572216056288,0.017522005295194685,-0.05649131402801722,-0.07268871998079121,0.03514377799574286,0.017539896421600133,-0.022559330780245364,0.001219899616157636,-0.03048059997279197,0.044191520101390776,-0.010869035632815213,0.04044570069871843,0.0024759515697136522,0.12190055771619082
105,0.014056346991192549,-0.00019688462689737207,-0.020762521037925034,0.0059823135835817085,0.0028696424024761656,-0.19368668901771308,0.4827997008889914,0.4441899379134178,-0.004603752786433324,-0.19940700559914112,0.003007624769140966,0.0039053035887656735,0.029864344773069023,0.005283643334754742,0.02116463467814028,-0.13862549805790186,-0.10028928730636835,-0.2716570695400238,-0.016963573631178588,0.19095101120322944
106,0.02307501360112801,0.010084149459190667,0.060929649862274525,0.006273677593795582,-0.047910305665060875,-0.019220424629934132,0.08924400406070053,0.048754310487397014,-0.024030005109962074,-0.02096493972185999,-0.06981986272633076,-0.01883454246679321,0.015194288520421833,-0.0015100795855280012,-0.02602996345665306,-0.1129395934369415,-0.024015841331053524,0.036523116890527306,-0.009732006969861685,-0.03181669017765671
107,-0.005861669601546601,0.0019210223061323633,-0.018048672523070127,0.010051232501119375,0.09567897418141365,-0.19734573239684106,0.48784465348124506,0.43735135759711263,-0.008776648477185518,-0.19745134041160345,0.030938620832841844,-0.002238197465846315,0.0044282346550142395,0.006296502390457317,0.013013817372638733,-0.1096717026423663,-0.1016581864796579,-0.22988763098269702,-0.017871414968371392,0.18013652820140125
108,-0.01366344468612224,-0.00975274200225249,0.004493347225547768,-0.0017667825763463042,-0.05670489795263857,-0.018485704974923283,-0.005736744472756982,-0.0043124175315722825,0.027178586583212018,-0.022319046401698142,-0.04623828211668879,-0.004352855533757247,0.0258351040314883,-0.0006782232800440398,0.03447976501174271,0.0037065964729408735,-0.04961625898499042,0.1089413730468601,-0.0063995416017714885,-0.019107829742785545
109,-0.0024278603337472304,-0.003998545608250424,-0.02090879555651918,0.01144553504716605,0.09775740024596452,-0.2017828898012638,0.48592087887227536,0.4570473048955202,-0.014942310670763254,-0.19633685119450092,0.03512615031301975,-0.00800669742906466,0.005836660116957501,0.004857398320827633,0.018726455465424806,-0.14103012865260242,-0.12722174776643513,-0.23965615877062083,-0.017623762093298138,0.15336580043509604
110,0.004833261485723778,-0.01045138515010476,0.007170278531685471,0.01211091570071876,-0.04386359714921564,-0.04296537061613053,0.05107016704492271,0.15177934474498034,-0.03004046541992575,-0.038665842950716615,-0.007086556141008623,0.003242859643511474,-0.0001745198326454556,-0.004453287148685195,-0.012934574244869873,-0.09330680514723062,-0.06020372974779457,0.01732409328678623,-0.00043932189784536604,-0.04329878265149891
111,0.036279804110713305,0.008607504001120106,-0.01309660842427984,-0.01908983619567007,-0.2871125121757388,-0.026151903251651676,0.07493319908566773,0.02792245052875951,0.02441509578479454,-0.03622339549902827,-0.07032574590444565,0.025370972585026175,0.055304568170011045,0.002986574115778785,0.0073424386465922,-0.013776045117666945,0.05415784102510661,-0.09966555750779807,-0.002737393780320417,0.11909026048146189
112,0.006824334862432443,0.006206605344847776,-0.01552977678682655,0.011050905523309484,0.008598843290517107,-0.20002687652409076,0.4877314521551132,0.42792571648061273,-0.005177596266311593,-0.20189313557595015,0.0031229491134756246,0.0034848880914621987,0.04346012002937496,0.006766591695602983,0.02395965669983998,-0.12512305338680743,-0.09192362382151187,-0.2610888675138354,-0.016171736518945545,0.2006985199213028
113,0.018908636620640754,0.00381771064393688,-0.017179965612199158,-0.0027388201079331337,0.03400179240796715,-0.2067237890571356,0.4935667978167534,0.4348003788650036,-0.019351099802367388,-0.20493186992108822,0.03044266296317801,0.006613947267900221,0.010229232015134766,0.005849860663735308,0.02199234364312142,-0.14589586786925793,-0.10406023441106081,-0.2670376539930701,-0.0164145312147215,0.17566440683603288
114,0.014787049147626385,0.0011241669303039088,-0.021088630913197993,0.003312661727168597,0.014800026057194918,-0.19912680246382952,0.4955101979255676,0.4455244762957096,-0.01587059738840908,-0.20213017017245294,0.01709608745984733,-0.00030989834729261927,0.025382963641081006,0.0052885435442673046,0.02171565779307857,-0.13768310835957528,-0.09376374323517084,-0.26671354154795407,-0.018298324638977646,0.17478182996064426
115,-0.0015506598925101572,0.004315125543880276,0.026012493072357028,0.003213050067273434,-0.3152494688898325,-0.13506534772515297,0.4725244977891445,0.36447725100517275,0.005761491233319976,-0.2128891479998827,0.005629286386445165,0.00866552205956541,0.0012779140533180908,0.006467909070989117,0.054292459648102524,-0.2054070231974125,-0.11061296493411064,-0.18051352352052927,-0.018968567538820206,0.18832622806876897
116,-0.016106948880199343,0.021003520373255015,0.056128353709355,-0.05447087839655578,-0.19922070648893714,-0.0009571326607860101,0.10362786829471587,0.06142306746076792,-0.011082312546810136,-0.047332147946208714,0.0190225810283795,0.012510083603812382,0.0068389006309676915,0.0005158020242728526,-0.03083251665085554,-0.14921256005764008,-0.10923597808554769,0.041475396758690476,-0.002357041509298142,0.02635776348346844
117,-0.009880611621681601,-0.002257894978648983,-0.02004340492989868,0.007067745060706511,0.10298032014891505,-0.18896263054162263,0.4835149782598019,0.45231811846494674,-0.007669718055147678,-0.18973747137486935,0.028306102226953952,-0.00829991120272316,0.013486962800379842,0.004660401227278635,0.01685019007558003,-0.13933210929259657,-0.1119298882804811,-0.2506869417354465,-0.017845745883975177,0.1574207134090364
118,0.023567112287133932,0.0016810942156647798,0.05553052602838725,0.006863620688021183,-0.6957172184348106,0.05155865730419755,0.08711917371377349,-0.05825277006030083,0.03552510770764202,-0.08348818853646517,-0.038868884239345786,0.02686888645766303,-0.011156899885088205,0.0028093317833263426,0.07844946711808443,-0.11803294946327805,0.002964377905766014,0.05853484016805887,-0.004041122564021498,0.0937804689642042
119,0.011337833920167758,-0.016340933534037323,-0.07474444799870253,0.03692898066136986,0.02316779321040958,-0.02887018996393308,-0.013979806275479496,-0.05853733805473894,-0.016817078023403882,-0.041264660421572626,0.04968077172804624,0.004306378445774316,-0.0035813606349867767,-0.002656392480537761,0.12406302202530205,-0.031686994656175374,0.048326246580667795,-0.06107855323757976,-0.004922362908860669,0.01365866690222174
120,0.03353967016786337,-0.03378646183423698,-0.012407539201481268,0.021863802451826633,-0.007179395670536905,-0.005317119772988372,-0.06550660319328308,0.06922983899265528,-0.03723377852477133,0.002704593293601647,0.04623186461534351,-0.008160752551257611,-0.000880034746992169,-0.00544622929005418,0.06297996611371637,-0.04088424815703184,-0.06256947508342564,0.0411258345849812,0.003149507623258978,-0.04864541965480894
121,0.013996755943261087,-0.009159002346824855,-0.04961317042987794,0.04370798369999975,0.0735020444508642,-0.02253668380798772,0.027474550398439167,-0.11489609392955899,0.020930414421390743,-0.07331453934423625,-0.008520178020559252,-0.009649298144318164,0.05792088635172695,-0.0005141161552455742,0.1496593179769814,0.0012152008960780222,0.08981689067482948,-0.0760732891432941,-0.010664564285054802,-0.0356899797745049
122,-0.015947479739785195,-0.007848125353571959,0.02052115824362263,0.006540557467006147,0.013233664949750527,0.01594268078524619,0.0634412864536047,0.044863252363167704,0.0029690412451163868,0.006840328453620896,0.015376042300416157,0.0013688830793777015,0.0038650486128171905,0.010077458473155275,-0.045790008951723575,0.0399526118228212,0.0429530407609418,0.26804688485264777,0.016637715314049274,0.11605357594527305
123,-0.016340751728974284,0.04772815853580833,0.012773911544308066,-0.09850381738804281,0.15075493101924659,-0.10410264144651592,-0.06874039869830012,-0.13249156796485187,-0.09826667980141937,0.03375365289561451,0.06659637921899557,0.04213238742575049,0.015322636478208005,0.0028814330775756387,0.01890518188113347,0.03342198345400393,-0.05602801612969488,-0.16524777030050755,-0.0016483930138521828,0.03877641953527927
124,-0.054171828480809925,0.0037093114911578595,0.009380863602971658,0.026339731602277608,-0.14980841911137105,-0.09654797817356885,0.0815384522639215,-0.036236658979207276,0.0015457743058679624,-0.059447943583875895,-0.24014535694941877,-0.006236730777611956,-0.0037155863487161695,-0.00014876078647721441,-0.019123654815368353,0.17201661187708378,-0.08988230718187988,0.0102856130505912,-0.005463957048975863,-0.0695184114743024
125,0.013863055946445093,-0.0009843991142726735,-0.013071602729521691,-0.03384926687851548,-0.02834262904105708,-0.2575896919995546,0.07697205095887184,0.013236728818062694,-0.03755202331505716,-0.0463660797804594,-0.43889806111454965,0.004237537677027285,0.010221977647719906,0.001398807263962226,-0.09981782576777042,0.3475241355776787,-0.1660813525006175,0.011960217108065262,0.0027993938972358592,-0.11164535211063921
126,0.028426947060599922,0.011995349022932351,0.04580537444241345,-0.012218269850732759,0.015296105858450756,-0.058593472826108335,0.05022247935626656,0.0604283588565886,0.049206940421648325,-0.001899985894782003,0.09779090076424181,-0.0016247684710950126,-0.07177160760127008,0.00013761398773422115,-0.03295022799223661,-0.09547208638265729,0.005175530649721622,-0.04848762816824019,-0.010477175772795454,-0.014874340794142335
127,-0.08318040563650429,-0.04952972429692745,0.06881382642015815,0.03613638157788664,-0.02257130463887006,-0.016350732573866843,-0.312496658320725,0.00607686014942592,-0.031911358062550424,-0.14577552982121705,0.05726051319986582,-0.031110511076636614,0.0012331581965379882,0.004370418537897058,-0.08816044697985054,0.048143137009069324,-0.002716458880226128,-0.23960253427252173,-0.014064507686533034,-0.17890089937001466
