,0,1,2,3,4,5,6,7,8,9,10,11,12,13,14,15,16,17,18,19,20
0,0.00021927374766738056,0.05142805627428187,0.11121552382962763,0.1429754176020484,0.2414154497739477,0.3576203713127245,-0.03156963340793003,-0.42616044682863397,0.3083988241350041,-0.0750074911591564,0.16722169329691794,0.21248215632694045,-0.08274155703147718,-0.20350356585220225,-0.03102765952471801,0.16194867829113307,0.12789313465422478,0.28465124469732794,-0.31543344295216863,0.2581975802255343,-0.07696644471206641
1,0.0004934729179318551,0.07275010010208449,0.13195587556251387,0.12832415519681417,0.2459925857718676,0.3379243412213401,-0.010715566673798388,-0.3886534212946514,0.30726614351577386,-0.08332346107519617,0.16489222139732942,0.14743782376445191,-0.070351140162082,-0.21958070961080012,-0.07303270534223658,0.11957645613226933,0.07400249368711442,0.2758545772479205,-0.24028515962487074,0.22719868153596373,-0.08612488244373448
2,-0.0026883154609253996,0.10612183716930382,-0.07833922685487323,0.010508706736878246,0.11474415010875375,0.21121548596151762,-0.21056449244026487,0.08640650170178205,-0.020140136085881846,-0.09917197981097611,-0.172455656131637,0.04875601000887076,-0.1145781696157677,-0.0319881712356873,0.11070076974287216,0.0048479861004924255,-0.05005783147779704,0.11060016122634174,-0.05002097393202117,0.016126549124451228,0.02966558026284019
3,-0.00112419582224856,0.30998521438738147,0.0025873631202989024,0.08997146818549942,0.2876097271980143,0.22184786515041272,-0.20786629268081275,0.1446298358889755,0.1004806729149576,-0.1334093707466243,-0.14388937569521099,-0.06324764672010642,-0.1084775205384102,0.10632261842359447,-0.07350508319707136,0.045331838686570806,-0.13414735753757512,0.2260176175168047,0.012717023853213247,-0.036788196093446336,-0.0134690716115763
4,-0.0014616305844707923,0.18102845693231767,0.03330745661175545,0.13022636294916,0.06625788470111121,0.09147333591997249,0.0531581247330228,0.17298307303155458,-0.06651325717219998,-0.14903825261968115,-0.38191454579276796,0.008175428623660629,-0.2670300720745687,0.06651806628369461,0.17999247516208616,0.0821613403883604,0.03441209713294744,0.12335206089454065,-0.13707575544627998,-0.02688791377465296,0.0874089778591165
5,-3.258185898182746e-05,0.8366760025970974,0.20274165587865078,0.055398337306365314,0.1040919054256155,0.5021631332687223,-0.3427932124497042,0.3731772258063102,-0.16560723316140713,-0.3580995938241417,0.10622943839827888,-0.13954104462031636,-0.015367199890221808,0.06462273935600116,-0.25194443030209324,-0.058271899637851815,-0.25822499717846736,0.4041887539976474,-0.0003067386313924689,0.05995508503380208,-0.19741158818453997
6,-4.2625722765758694e-05,0.6426710132482594,0.5198256654021258,0.053192094625995334,0.04233895308342624,0.3406718202034187,-0.3214248164177559,0.4128939424944307,-0.08022253798310403,-0.30851133903133854,-0.045571631977725846,0.029747436208381852,0.1141402313540021,0.08942163513379586,-0.46654206889743555,0.03517515359305806,-0.3082951299127443,0.3520376645017704,-0.05160363975735705,0.17023585398257107,-0.18535005127499066
7,-3.98709524709565e-05,0.6138508664596632,0.5381543724098894,0.03533739130558453,0.010506801531134674,0.341989002389831,-0.37893315638059366,0.42056852494009145,-0.08619931364006349,-0.2938082032281517,0.0010385109789083974,0.04066089180105152,0.18267901864375113,0.11366613773076825,-0.4871508741403121,0.06264860026877613,-0.32261526203502244,0.319197463512639,-0.05084454670382861,0.17142236072142458,-0.189841318485433
8,2.501586526260915e-05,0.496558922749575,0.5278179137092593,-0.011550476844779483,-0.09310962120452085,0.2330137197445078,-0.3894581109357283,0.4032506378220511,-0.12863469283459097,-0.2158695952529934,-0.02600854319798383,0.024378426635140123,0.16902684314552763,0.17476893001406435,-0.49825128673253394,0.10204000178921477,-0.27784360696853955,0.26079216937715105,-0.027282747324525472,0.22873175525171505,-0.20862062850434063
9,0.0006868080139028683,0.46670478271288823,0.5013850729801925,0.13617548125980872,0.08562698615981185,0.1072232376722902,-0.13893283726734726,0.27382391245260407,0.08900269810557515,-0.18795589547154978,-0.01303288686634579,-0.008784012896078507,0.1500833661831173,0.06130626648131783,-0.4489061610937472,0.06699357710548962,-0.2334302359663579,0.2189645467676268,-0.15572392665736057,0.10266492430462772,-0.137480122122832
10,-0.0006235029530159574,0.25815160396411274,0.29129347062629246,-0.10442531912931462,-0.17548984119888647,0.2402917066713013,-0.4152199069248102,0.30835752830695967,-0.232276057552381,-0.11129178290042949,-0.025084188668534742,0.052669019412615654,0.11253934156219289,0.18533983482647043,-0.30798451554411826,0.11032151148731122,-0.17892829089540588,0.1755708149730892,0.08758944557991172,0.2378129699469947,-0.19820015637050337
11,-0.000457510306395587,0.5177054021893012,0.3553726248292749,0.09662705679831182,0.1659168229130994,0.34728827039458676,-0.22617656496744393,0.27867735895314844,-0.006249670889234204,-0.2605956489445832,0.027341896762668398,0.06947846104806554,0.13939866588873961,0.007652432077797939,-0.29711910632710303,0.029095292856456224,-0.2617054332157053,0.26509434942089904,-0.08202455180172794,0.04001216855318128,-0.09257277205005426
12,-2.7584189313999304e-05,0.8546231141060704,-0.13135914942872856,0.001819760189585004,0.15911760318138557,0.5600940790905521,-0.26571585869286285,0.27125750399457105,-0.20730166989172283,-0.3287272238982087,0.24091539379554416,-0.24469948945112469,-0.1403363656595177,0.023270371442015495,-0.013592410838627498,-0.13019409987689454,-0.1672214756397593,0.3685744015620236,0.05902383319677844,-0.11481599273654691,-0.15794481918615813
13,-0.0006782096137853526,0.5560465869429776,0.24434994220766543,0.1356524123125525,0.2016674724039344,0.15252365665053486,-0.02945381407515991,0.328068282817138,-0.021513321664410015,-0.19826011895258455,-0.08710751500145394,-0.008465290994139802,-0.017773307858459292,-0.001765000827217431,-0.22768279861400664,-0.021640545728625615,-0.17724659101630508,0.3312220556608523,-0.11975445315579356,-0.011843801034556862,-0.09350345537608273
14,0.0007749996745703082,0.8018613249175054,-0.07247462528517214,0.08869490441713804,0.13652529720973544,0.4098280135758128,-0.16341346448836852,0.020486235147190775,-0.21496192609700776,-0.20842743672718236,0.045060693727908,-0.23705776108761545,-0.2892609578834037,0.008591013786151494,0.11258614482117087,-0.16096548287250112,0.0068537335340677396,0.3079824108674971,-0.05071423176163533,-0.15464122439488992,-0.12382832952063645
15,7.142488829240719e-05,0.8038917040850546,0.4077677716097795,0.16654779502889955,0.1713205175478174,0.318940363152609,-0.15444749866163704,0.2946340667998959,-0.05136884933109891,-0.26223825258968225,-0.10250388900447002,-0.06830954630060371,-0.0357372712444787,0.007344652048077224,-0.31823087046085585,-0.06614112624189353,-0.19941726767110163,0.3986427358013219,-0.11750061723629117,0.01583732385028499,-0.13827767816009878
16,-0.0010192488412889527,-0.1776244414021757,-0.09161195280588649,-0.2405055238038245,-0.23826999608919713,0.17566385800966242,-0.33149811157364273,0.2763314326926989,-0.2720264863067543,0.012491334076952777,0.21392052198667186,0.10457663615607696,0.16421903120086317,0.20796239405113048,-0.08286138721986047,0.2034219748537923,-0.15005158568675758,0.031534275462425314,0.15294245852379418,0.2486141815466856,-0.17927219254822446
17,0.0019184692071292386,0.4044894929464898,-0.12459543129820466,0.006770459247077237,0.03088838540639371,0.27836295055935933,-0.15415493444037004,-0.046259889968192955,-0.05433230708587931,-0.15098164380096776,0.08565098288826102,-0.3288709991445316,-0.09629048840013515,-0.0728893742159149,0.06486566361169688,-0.045312054735753476,-0.025531133598825285,0.07539560522685061,0.0787098886299889,-0.19306475258813646,0.0009700214655994494
18,0.00013084784231155472,0.8556544298613391,0.43662032651628924,0.15422501759811652,0.13667872784324048,0.3498398576171994,-0.14442245654984415,0.2793820658790301,-0.045934610254650066,-0.2633491998714514,-0.0916504532036705,-0.06272363080545333,-0.01170503103707473,0.05078833393621002,-0.32309263935909965,-0.05453687806056732,-0.19991247376202087,0.3912842459166429,-0.12403217540445288,0.018150037424444224,-0.161264272255626
19,-0.0003751966465894241,0.18054432531966078,0.12633852755269026,0.03991115627310833,0.013053403442139004,0.08161399896628999,0.11297456281361365,0.027556072799360558,-0.04025523714667141,-0.08236529553673941,-0.16486665960355074,-0.017640948336530158,-0.13824396433955016,-0.05077085618179182,-0.06432025604327127,0.02894252579801404,0.028704943562006518,0.10633752352440072,-0.04212983926463276,0.04730751737868984,0.018932574897779924
20,0.001685148733860338,0.2165915199040641,0.14782731129409454,0.027482254093836426,0.01005488115531577,0.13721454367510222,0.03632882399482104,0.08016592718952362,-0.03847505391168843,-0.09740622697284451,-0.12294329940604404,0.018199634276717065,-0.10998810300414695,-0.021827150174931587,-0.12182620129187374,0.011628272432955652,-0.05734464987311254,0.12903313987718773,-0.01946419620373367,0.06116304445389437,-0.031433013228796644
21,0.00015592911152734787,-0.05531525045559394,0.01697919600513182,0.012487226209595458,0.050122036262726904,-0.07917689928274692,0.14435100302476656,-0.08996884057015163,0.09379468302336981,-0.016340765925850927,-0.02375218565086366,0.020633051049480676,0.020699911057210345,-0.07333522744977135,0.040970992022078614,-0.022730083511986916,0.11608365534972734,0.08515520157290636,0.021412671587415492,-0.11637623250382814,0.07872555663311023
22,-0.0008286187426665423,0.05655152112974939,0.025915820529017274,-0.009324673112499043,0.06565346782961753,-0.007433326134491842,0.17095126124608317,0.015481190171696933,0.07837486579975314,-0.07040402933797812,-0.07412255576028495,-0.0019167901418917742,-0.01527494154630803,-0.08938251333931305,-0.06374038559540615,-0.05758789942456791,-0.004978338380251201,0.19101209749621018,0.03414136877352984,-0.06844116841271611,-0.021207343690620866
23,0.00015546043101067838,-0.13325732803507406,-0.005702839930079161,0.03625180031035141,-0.04096801255128543,-0.0909523472897781,-0.06062047708089678,-0.12688589835472114,0.005662406628040522,0.07038460813705627,0.10413124741953395,0.021847070124043102,0.07645568963827212,0.04414561025203648,0.13867021340309862,0.016560760803267502,0.16344057970840709,-0.16422385580547313,0.002178202941158572,-0.0535218717300803,0.12796003923626165
24,-0.0025323950063723248,0.004327566924973644,0.04201191280730103,0.050260531443035744,-0.004800237554808443,-0.047695879469901364,-0.07964492554126107,-0.02647127185990695,0.047891444775062214,0.02408123308629986,0.087856754546354,0.09512379790201145,0.015396520912997438,0.031075546029908,0.0586591144643334,-0.018039472796569325,0.049200749143351874,-0.004072095470645456,0.04982749109299874,0.06161707071788425,-0.017776877616504108
25,0.0023435449932064792,0.020348837555208228,0.0011020431810777115,-0.011398811189950578,0.1212365509341817,0.05911123669706906,0.06362317744422437,-0.10353368180462526,0.047314728106507,-0.053711528657525875,-0.02397239067379394,-0.11697768367118738,0.02667384501491497,-0.05255968948522589,-0.010773576975897429,0.08051704087564271,0.08011090064522394,0.03640811641682755,-0.05113139290071989,-0.06237828366678504,0.1002825996244982
26,-0.00021648996840405903,-0.15231810102457077,-0.05575023488330606,-0.004903746034259755,-0.10411220880667814,-0.0772405658511554,-0.03376020700798051,-0.00026756903227416994,-0.029377118005053358,0.07167551500346235,0.051303225453459916,0.02919622378762108,0.08181061091965731,0.00890083897397991,0.05336479358076088,-0.011647235558828135,0.008072952592651655,-0.15445978804526966,-0.016723814342183493,-0.030120866889235577,0.02649225864548719
27,-0.0015326769926297997,-0.12576624107152673,-0.03401756982552514,0.03571845084582413,-0.10717944067627858,-0.14942712220072973,-0.07561713297155462,-0.13752870881771162,0.06044011482024058,0.12668720569902295,0.14901629910229258,0.05534307523389665,0.03997504064219582,0.01984280466380114,0.13793852908410523,-0.01583946057906286,0.1712966278644864,-0.11935154430392803,0.08160928749425439,0.03332315089033347,0.028764578661009683
28,-0.0019001333270621404,-0.1230561455495632,-0.08904489090029762,-0.03546955386604605,-0.11639711288049184,-0.06851316444625402,-0.029071960483864685,-0.08528886258775713,0.009857644955189912,0.13227221569870545,0.12123714295589642,0.06770027728836114,0.024404207918956925,-0.018097616346936133,0.050216633936325444,0.038213315319335174,0.14637306402598416,-0.07750643092631376,0.07216350409206113,0.08810144791675803,0.028649866515111727
29,-0.0008429781589236692,-0.07249420796601812,0.039348366419838965,0.08254512186553367,-0.040657710602067604,-0.1334332745224715,-0.06545041576756597,-0.09631059813938186,0.06876582633932429,0.04652997717341015,0.07638095472815654,0.03389411588862136,0.02978251718838381,0.04620356140531563,0.1369419773015671,-0.051652168322072534,0.10993884253001952,-0.08862781769727818,0.04028760004860174,-0.0324472758453703,0.02883806195710421
30,0.001047722203432804,-0.36384255494080614,-0.04339845365516542,-0.07711579201076828,-0.1483910895984341,-0.21814435208896693,-0.021614627943395942,0.01509620908065556,0.010349643815396378,0.14299897145957696,0.10166248411952382,0.04246115646117628,0.25235209848383533,0.04399746508360548,-0.0188854855721194,0.059905117263620564,0.01811185738774608,-0.2177045723527382,0.07236900849956332,-0.026023263437681417,0.07550126443739777
31,1.8523899248461948e-05,0.20698629304578436,0.03630259373002753,0.007093458142303083,0.19550726637219867,0.014632032055613193,0.2120093154400247,-0.02039803205461939,0.02267176648521094,-0.09927947942215218,-0.4548171562907658,-0.16415680075708072,-0.24062342438817758,-0.15681789104247842,-0.22152433147255157,-0.10193941930152309,0.03222304703119582,0.3494438994469554,0.1363783407795566,-0.0020429862765361196,-0.028321387600367707
32,-6.129978315291666e-05,0.14773739552889648,0.07054825830863026,0.01093760168875974,0.13273027467275644,0.12843791830279283,0.2626807463352153,0.11735928130337847,0.14931996345197635,-0.19476160772089113,-0.2723940837149642,-0.00920908773198374,-0.07344446104411903,-0.3114852951360616,-0.1939028255835916,-0.0358581358804173,-0.20829541761851408,0.19906758427879542,0.0020751761161886587,-0.07551394688437255,0.019110767133720924
33,-0.0003896561171626668,0.11362551853438112,-0.0036990280838097595,-0.05256919926209,0.01412460523480975,0.14114089515501238,0.03249554897831118,0.11322188621941187,0.058377165622596865,-0.10793334933184737,0.09046383659965834,0.038953369903889624,0.16523182625727256,-0.11152237115207479,-0.055431766629319465,0.051667810702233245,-0.14369418394706426,0.061040369355126634,-0.017325429374077744,-0.02741447794917195,0.011372585392271848
34,-0.0003050431496288454,0.1276923614601423,0.12879672899341468,0.11595756143815328,0.0986405073331581,0.03456948593878621,0.24354124669957805,-0.06647376500892903,0.2080806073312359,-0.21264935461851303,-0.4456592976124404,-0.10869888841058532,-0.28221810382165063,-0.3821009838609841,-0.04028617435852953,-0.07582177091208403,-0.10235367952467544,0.12916263780692566,0.100735852829034,-0.09685988133555318,0.11239343801753462
35,0.00011694642629723892,0.12816447214515675,0.019028170565512145,-0.010418567561398268,0.10025040810534193,0.16390873846923998,0.22206702386392738,0.2117801049875908,0.05900787383858953,-0.13955292723121154,-0.11304002692569562,0.01784548622103499,0.0798349948764299,-0.22885425024960496,-0.27744184976555086,-0.00413438241879161,-0.24449721957234555,0.18087115248592814,-0.052154301348586216,-0.027888381137673512,-0.04630295103607594
36,-0.00011284331429994789,0.12665562924298385,0.03211745600667791,-0.011843124967888549,0.09831070993129498,0.15637977112410695,0.18723655607800796,0.22840914151913044,0.07393790176095336,-0.14236996296701612,-0.06068699971269944,0.04523186743064882,0.1265962435599834,-0.2313302583757706,-0.2724052006523269,0.0037802397280931096,-0.26577683540062236,0.17573382627508094,-0.06153462823967027,-0.03615548960096624,-0.04897592738101633
37,0.0014442016694779572,0.10194203021438009,-0.024461233178796917,0.011871685674018778,0.0814498151365277,0.15863333508652722,0.2546974225766654,0.09692423977090307,0.00828377576631979,-0.09747036355948537,-0.2301310498309987,-0.06573644659445813,-0.06857417919464276,-0.1677796119718792,-0.2379896904632076,-0.028290344901096696,-0.12660801433396124,0.1536613635713266,-0.0017509090523789867,0.004511338925932088,-0.03950091742075831
38,-2.670315302037165e-07,0.20937935045101935,0.015317894354378234,-0.011446525243715632,0.23524122371936906,-0.05606149421306698,0.16453022532573408,-0.07942375950336514,-0.04555016878046237,-0.057936477596470595,-0.5040210978835313,-0.23212897718367959,-0.29167938128771054,-0.07340833208250053,-0.21372489002591763,-0.12945162011526307,0.16343335366540274,0.4252098157605464,0.20122814981835227,0.02299719433171639,-0.062256223251208345
39,-0.00045155371187900447,0.14267162805170755,-0.030661005550964883,-0.007703162330827901,0.1489232842460572,-0.027376625591201166,0.21202416786944842,0.02440590100234013,-0.009738000464939202,-0.06228198550916335,-0.37963141411241674,-0.10974402492205937,-0.19109799568644625,-0.03613394366544475,-0.11387542152266593,-0.13993331464369058,0.05981648992198874,0.33380190264557874,0.18085075396936737,-0.06463987506388173,-0.023392921040346275
40,-0.0007026457265749284,0.09196950248925981,0.012680391124750391,0.026312664472288104,0.10552167898042905,0.09368673640104311,0.22478043359836497,0.07262615663469962,0.028888261139376217,-0.08970335595942852,-0.24864357573518386,0.02345250295991111,-0.1658686653375669,-0.14997186977144744,-0.06005114682355327,-0.08383654624162915,-0.09302327296093874,0.19828770711473948,0.0771959903791927,-0.07344737567066632,-0.002968747783084964
41,-5.916202772387791e-05,0.16086312864960434,-0.0055007875029395095,-0.010239772694930812,0.14525538903447124,-0.05481454430788492,0.2242688232497079,0.026840043613775698,-0.05565078512456649,-0.07049078717320471,-0.33096066182466966,-0.11566131333440158,-0.19711906883906316,-0.026231181671758617,-0.11718699452078377,-0.10917665241146196,0.0879322428743618,0.31956661638206274,0.11391245576763043,-0.041998143401777,-0.020928562271038995
42,-2.51115451390194e-05,0.02491141784108416,-0.014425833336530643,-0.009260994287161789,0.11315776653432541,0.007003691948385149,0.055235672851696116,0.04448101740236011,0.11131694735577624,-0.08004588352166808,-0.2649764874823393,-0.10650766800299863,-0.10884577687186828,-0.18120509419510433,-0.06672878732699221,-0.032618492022368106,-0.11680313178779644,0.1295261054233047,0.04903470543295618,0.04472171763412073,-0.001859905712731561
43,0.0005175500045374562,0.13646884572353513,0.008479796532691292,-0.07400242119919187,0.08463993515457471,-0.10513514164490312,-0.0617072139355672,-0.2070274048604243,-0.13199217954361964,0.05682950058285775,-0.255669108810723,-0.22138751532515183,-0.12147771301637648,0.07342863165646508,-0.21698001209189427,-0.05028177560581816,0.34290605090805293,0.27295203830182535,0.08237067014350374,0.1308834010423048,-0.0667689739572433
44,0.0007581529048659012,0.05145454447429401,-0.022582121824432266,0.00047347995264339967,0.04901405138391549,0.09044090478246763,0.1781757766524361,-0.019771054289614075,0.048464439163341505,-0.11632649914744773,-0.2536460324532568,-0.08016249911085574,-0.10022560903447311,-0.22434471500987746,-0.19493698649497646,-0.051909861918552125,-0.10707923321651044,0.16203577170258168,0.08856925792430387,-0.029240719491585063,-0.011380443107925239
45,0.000648592327975642,0.36149458771500265,0.24900703541830538,0.1314587443291133,0.0007451994968666331,0.11964951655462652,-0.028216421949656983,0.08846735188476837,-0.03156528385657744,-0.12780133035753077,-0.14146861751668077,-0.051357971819308734,-0.1676215445237772,0.006083098891211933,-0.13691727384930802,-0.0312873612800422,-0.051985350664107484,0.14287243102835817,-0.0849454978116458,0.08318448447605861,-0.09842783596787946
46,0.0009617876332720615,0.06308082673822778,-0.024007990860265303,-0.001752273255722898,0.047794862605577665,0.11332355682654202,0.19335076180852495,0.010226702591886511,0.03613513337487629,-0.10449652131488593,-0.23579963815276597,-0.05577980487239049,-0.08801737847685899,-0.1812074135994925,-0.20574290800936937,-0.05745116452005717,-0.11475945036661561,0.17452784539526575,0.07893019254169364,-0.012725551025464504,-0.0367744073059275
47,8.809821460022826e-05,0.005550598281445037,0.050437158819051975,-0.052267759351442136,0.01098410207836532,0.017189356537708804,-0.011929239619950247,0.03797992969900807,0.04824761267167439,0.04569610517786766,-0.02715060156198912,-0.04240397982376353,-0.020549497187601982,-0.0325058785529967,0.02503555267375731,-0.03213059495384336,0.023227584316896498,0.028523592734065892,-0.030158451139277554,-0.027984021163936414,0.01118674463436127
48,-2.98408260748543e-05,-0.010548951031714483,0.04683214352946386,-0.030788065747111834,-0.010043602509904553,-0.03662506228347558,0.03338566199109086,0.014402714454196724,0.06938217275131255,0.05413883848485546,-0.03517717952679503,-0.02803455754510063,0.004089522088099578,-0.033032187525468014,0.00019121300158600756,-0.05246822511622463,0.07749408664623467,0.044602552357147135,-0.03440154763093253,-0.027786533358870234,0.01425488624019566
49,-0.0002838630243128773,0.015016802564159758,0.07390830453704814,0.005017150639514058,0.06686501732526177,-0.02215912543288703,-0.044833574212603984,0.03990637163164992,0.04838305165662448,0.03891413476082953,-0.011938780676911346,-0.04521321059932894,-0.02529610857606756,-0.0709467035078703,-0.0023482013800738607,-0.038473189065786034,0.04684846243204388,0.02725660348162752,-0.04692526920561661,-0.017645357339296383,0.027107773854058798
50,0.0003789770651308465,0.023468815752363578,0.04473874412848399,-0.06454455361179559,-0.0013773648863780776,0.04555092761385186,-0.013001010745105557,0.03102844855430744,0.052876353000111814,0.04187054459061344,-0.022568308332269253,-0.04919014215546555,-0.010441895581481488,-0.013457628210911381,0.019757688834686152,-0.02769875445529704,0.01296917654996943,0.034371443099061726,-0.03171154368801246,-0.027002326150875416,0.0009759362927804231
51,0.00013073783967993357,-0.013644443892479489,0.04041355007057864,-0.07366098546589311,0.00022680467900443226,0.02298414936187753,-0.005888150195983149,0.046790828757038896,0.02931188237743845,0.047578328091685176,-0.03239450202513662,-0.02604781385547337,-0.034031668293947284,-0.01925033101817185,0.056545607563844816,-0.02488126688780505,-0.0029286230638674,0.012014141817849443,-0.014734605011273435,-0.03127609845855647,0.012382428211013801
52,-7.800266148974794e-06,0.009335811362111892,0.045528761193450354,-0.06536628115741247,-0.015604631391001579,0.029895070287737018,-0.0036593813861821164,0.05100935862265801,0.039986590721327445,0.04681102204889171,-0.037485838999930604,-0.028659689546686913,-0.028513101024135366,-0.01613873111169591,0.04690896219719194,-0.026683735973738916,0.007866583201541133,0.024410980411272588,-0.03380493234529095,-0.019937707268826002,0.0006604176472282319
53,-0.00040495995447512034,-0.0015688606994925065,0.020003986114204123,-0.045812545866169604,-0.02981340108401689,-0.012829418585642228,0.015435431303490314,0.03152718337287496,0.053614929577373724,0.06830574526163583,-0.044570148041288976,-0.019972134821186656,-0.035722835359963866,-0.016874671789298017,0.038689764091946854,-0.038976756293158235,0.05112469722159879,0.03511515538250021,-0.053086245670345464,-0.011314859679268919,-0.014246464363813289
54,-2.0301020561935314e-05,-0.008680564225151573,0.040351746038650466,-0.009971760005317052,0.031393769750724984,-0.02641543763731305,-0.021955468580128798,0.051276909979850974,0.034939397175147005,0.03721336038067377,-0.026574032658501265,-0.0455030227132366,-0.0547352941974697,-0.07019075769897021,0.05545738662581079,-0.043750390027925024,0.031856244084437095,0.016896957335463002,-0.04240489487531747,-0.03638729826195852,0.01812682836075199
55,-3.6910761126939494e-06,0.038567035646484754,0.0561361292693311,-0.08503422252764183,-0.020181217721112886,0.06304568040288445,0.001972498789968634,0.03703805131041528,0.044784591379689105,0.046764876981428484,-0.039402171710194986,-0.017449960136810768,-0.014038186128745949,0.0036949365706492234,0.04588787695017615,-0.016575409589466777,0.002812672102435733,0.02920942470935904,-0.018236717755484144,-0.017604176751487757,0.009233214680035356
56,0.0003707158248774995,-0.01107337896360379,0.035686611730151654,-0.07312138257950221,-0.02547848219477837,0.03607792029928656,-0.008308105735953284,0.0671425802138701,0.03391221306094902,0.04566846833807694,-0.029886406986311655,-0.03707203662053531,-0.02553429728139741,-0.0038283912770678934,0.03879726719698137,-0.023252624369968052,-0.018415678673510412,0.015162022196603148,-0.040098711058840796,-0.013548490063493162,-0.015914802328866585
57,-0.00039415938958605346,0.23891811066240504,0.05538035192284129,0.033458072847796665,-0.07748054543639704,-0.0775430914242764,0.16985735921603598,0.38447408184559184,-0.2201827370490714,-0.07653016410696357,-0.21705875122481272,0.12681174526336386,-0.20778895231127087,0.24207821293884824,0.15604959536563323,0.031787000945964525,0.0017718845425910637,0.1926791716171882,-0.04229415037907533,0.011455060694677438,-0.03284687220124028
58,-0.000563880066707094,-0.07485011711331874,-0.06789296923437543,-0.04073093911743936,0.21515145851839407,-0.011427158274077778,-0.23905417292415904,0.29356204021306687,0.18425489528360064,-0.1375213921164311,0.020722794941448727,0.09471420574604553,0.10636761870194737,0.35849163351035757,-0.1703883713992077,0.16343557995595945,-0.1359398321754921,0.4585816687044545,-0.02321069978860646,0.004462395255641858,-0.10227413881868022
59,-0.0004387686210865318,-0.07092877478189888,-0.12427767333540873,-0.08112990146868869,0.20206657374313391,-0.003570351106538521,-0.20650083418589518,0.23796094404124507,0.11011278950443606,-0.10774122908555842,0.059039060970363585,0.08501003609119179,0.09406272012685166,0.309242022205651,-0.12778213034576835,0.13402240973034352,-0.10967870647228828,0.39796285517140795,-0.006172387142895034,-0.010609439456843233,-0.08163211325009884
60,-0.0004398370954363424,-0.05351070560850278,-0.1736605712057761,-0.09708502014537394,0.13307505107249346,0.07517706805102012,-0.00926416424361119,0.20136438498314818,0.1320050761053742,-0.06786533456899055,0.07381220970605926,0.09028358719758695,0.13565350382143207,0.13744877400186456,-0.038951068901974,0.11879057812808239,-0.1477696154156693,0.2243990897529876,-0.008568242457050158,-0.05051911626791966,-0.040049876848397545
61,-0.0017011968204400012,0.04509164027679019,-0.09048979772569703,-0.0008550533494932032,0.08371251824836623,0.07157404766768503,0.22824979482744454,0.16224984599876502,0.02486426138870874,-0.02440375404088386,0.010248809828676516,0.05087363581754581,0.07587244736068302,-0.04396632370197985,0.008726964578810779,-0.07935177145354697,-0.14223453782165243,0.09467467140563827,0.08211442312575523,-0.10376292317591318,-0.0547762661080206
62,0.000464234685058555,-0.33080721387032175,-0.16608409724224846,-0.10579925251484393,-0.016201982893995444,0.00805149907853087,0.02860734172219555,-0.2789108946086466,0.11551906293906836,0.13791413853123852,0.275629179969212,-0.05420176532518793,0.2269590187496633,-0.21971233909692434,-0.039140735235140514,-0.06847840334345938,-0.028619203575086745,-0.25480901081405416,0.09419913253149492,-0.03593872316689981,0.02793806983665892
63,-0.0009591705941088707,-0.15969632573771647,0.09746907066522624,-0.10722254187332741,-0.001578875500708666,-0.12072730463181619,0.12333597097756833,-0.005292719462078901,0.05171751604215546,0.09501452033564994,0.14236806705988045,0.11979193702244466,0.16002854709548112,-0.03217900673314697,-0.03347734682166325,0.09925550456083049,-0.07754185967337335,-0.07904678386001865,0.0891299299545145,0.06443271992410625,0.013772248921796543
64,0.0010049548012639625,-0.011397245064796415,0.16044726227240308,-0.11380475653158936,0.0432872410799558,-0.11055990977317226,0.15813650526813017,-0.09611826099316886,0.0832578072391715,0.0020832083392830257,0.17071720108098531,-0.0801304535750899,0.21282945097783673,-0.051539267718933204,-0.036301061928048065,0.08356122667639798,-0.04298367852324324,0.022737949976644918,0.1126444717068242,-0.04769432725128793,-0.015854643622157286
65,0.0013271500945809822,-0.09360679277396901,0.010969913829942246,-0.12011446359769282,0.07977384529121205,0.06936671293279344,-0.13084475472038126,-0.2942041183874539,0.1369805453031619,-0.019642574007067634,0.18410912423838843,-0.1298920565115264,0.25170450835949354,-0.12430709411339012,-0.06044728858150855,-0.018773904670028815,-0.02083828616727025,-0.06830716065702631,0.10575949521086205,-0.03787450052021106,0.03322332733491451
66,0.001508637979184822,0.027234457523445103,-0.022354725478140693,-0.007944165343879933,0.016085132594487798,-0.027831906323428163,0.006752309089971074,-0.08479958443604466,0.051760965869157224,0.010921288477471654,0.2272587124771278,-0.15350480154323487,0.18353220753612326,-0.038988083488721556,-0.1848976980285525,-0.08196758005786167,-0.022679510937655648,0.029755590290779156,-0.046540853892962794,-0.032632389056211936,-0.1265288143640936
67,0.0012987744217611832,-0.041011152449087665,0.10820237710040863,-0.03845566426063653,-0.05730708699986966,-0.24452121452499498,0.2235453599620137,-0.13750610578288625,0.0833471990304153,0.098745731989867,0.1277093670928256,-0.044199692834041404,0.09570971311911983,-0.12832175788443506,-0.15336271059380388,0.008006639195797955,0.026934395456996246,0.029271532447847276,-0.047458485278856724,0.014267449708079576,-0.11326928458905894
68,0.0013410460515956065,-0.00885842208782033,0.014775822998940136,0.00013909058152361542,-0.051300469653052155,0.010187711230628047,0.03646206206792334,-0.0172678824913457,0.012347595442736321,0.00877420581742919,0.017215492534694052,-0.07226355939238133,-0.06550858721474433,-0.029917108915134244,-0.0613348864618321,0.0382413941676389,-0.02792631853306755,-0.03216329767607975,-0.020213273629512786,0.06050075771035207,-0.03926831933472626
69,0.0010826466309759551,0.19992152765346977,0.04223151777090693,-0.02697020634360882,-0.11104982728491417,-0.03696012487782073,0.07984119795699574,0.028331569424653574,-0.07982282496415344,-0.021287656428567905,0.058966551820383795,-0.037867813879916445,0.04248799272083089,-0.0783125077982387,0.032472031283095684,0.02176740989430816,0.04393163573717712,0.06147892592962902,-0.008560312996015645,-0.09060385603117257,-0.01782856496475063
70,0.0007266354950619889,0.13477902685586501,-0.03669757010548324,-0.008434400555513671,-0.02994447791987783,0.01861760793835913,0.030569232451221853,-0.05596557943851528,-0.02951424998576164,-0.007344423346397904,0.024885848067756858,-0.08016095819523172,-0.09190796665795528,-0.06500250744556402,0.012770924285281749,-0.03625337342218306,0.032855694882979104,0.04257995560208459,0.03024423690087318,0.01497584374815085,-0.045473137200603156
71,0.0003372092696967303,0.0038354086277278022,0.102795911743712,0.007783651169395299,-0.10021198535201284,-0.1602389675074934,-0.06229816264524923,0.009149809919520671,-0.04356233119154877,-0.07150546898408253,-0.16133069164036212,-0.258388035143822,-0.18067493581312652,0.12734925368149527,0.2951977475467471,-0.003675460944175679,-0.41088626929150185,0.00011477999425492684,-0.18344422900884177,-0.2378866385672257,-0.3719157818279162
72,0.0011998058803660903,-0.08611856440908662,-0.10028441758339762,-0.0562677122770254,-0.22657723645665453,-0.2923138964195349,0.03228850215300817,0.23932470256806204,-0.23786963619840085,0.006581202530563107,-0.21560412211984642,-0.30891991254533413,-0.11872327889614628,0.1684613145556303,0.128992653536439,-0.20217588272104453,-0.3150556403064205,-0.23260550451282633,0.19994106887587745,-0.22968649231723376,-0.1522331781426327
73,2.9133002071954784e-05,-0.15069007613572405,-0.08673547039056193,0.1327560178110122,0.4286439227031512,0.21712153723224736,0.11186184052234188,0.2368610293480596,-0.11011248561107459,0.12072900984733631,-0.4401251228875278,0.2525594651084768,-0.7628442204716079,0.24327165707502008,0.1716485213893765,0.1909837763173371,-0.2466537621345315,-0.1797491615819342,-0.18564721562419942,0.36788092972033426,0.032920783933790734
74,9.363171386852099e-05,-0.1582495617009121,-0.08626601324309742,0.1366800264594324,0.3969617554761087,0.2083794404763033,0.11898281454432784,0.2441612119850905,-0.11525952781566023,0.10714422319091696,-0.4408253128862354,0.2584285517482021,-0.7738831286930736,0.24961578830062142,0.1886951005393311,0.1861327810051966,-0.2394644319381961,-0.1820516919427575,-0.17572889519924675,0.3610005431324839,0.03445268805356934
75,0.0003841672643880656,0.13342611781095984,0.034466261931078025,-0.14036237548071917,-0.4085201990706142,-0.14600714249584867,-0.08907565382980889,-0.21497062287423396,0.1230816864364098,-0.11987149394561057,0.38910284573665144,-0.2739734712937758,0.6972682069003316,-0.28594978313601116,-0.2046954995126236,-0.18568069208865284,0.21165042285525043,0.174514096984701,0.18689061911014912,-0.3401297905221591,-0.04725096600966769
76,0.001232825899022088,-0.11395014902777567,-0.011218533977707697,0.11687854783470443,0.235035666327775,0.09277550193648024,-0.02096256262200185,0.07792675130020331,-0.08705797950021309,0.11609128540405303,-0.21889617589649352,0.158694369817364,-0.5415607979806234,0.2338492557930645,0.16339148863999597,0.10659062902016486,-0.09515910688694075,-0.23943922623906172,-0.13088245903582935,0.24570883943475869,0.045648730320014416
77,-0.004613116380258854,-0.0012140566396839645,0.001309707630984435,0.044853078288972184,-0.08414327337644725,-0.02409509878490318,-0.10611913582981533,0.07415343166196744,0.013984938791901652,0.06442195011630719,-0.19916828696292072,0.4089927545704498,-0.09085667893341332,-0.03167905832811255,0.06744381662862103,-0.15112428163455716,-0.034585582586211736,0.12107564966798226,0.18044262191248905,-0.1383434385834424,0.019892205423332955
78,-0.00417330886452002,0.16514937026445742,-0.049998958193656615,0.10804262793997807,-0.22215408780160037,0.025919176951311854,-0.18318463985130795,0.012238628921484695,0.07358199211690858,0.038313179381068804,-0.14135627091504196,0.30377104492599577,-0.18858525261288261,-0.13190419247776985,0.013212760316130001,-0.18721518875487153,0.06560897142706332,0.2247777018736179,0.1773602990288294,-0.04510525410053996,-0.10075711720784594
79,-0.00752716776207958,0.05828719426868925,-0.08486226893662727,0.18476415380786268,-0.21997908311979086,0.08889480162427596,-0.30128936194496625,0.003681841426105107,0.09564890062699175,0.07537935250368986,-0.19262434902247316,0.573596068287592,-0.30700833214721224,-0.18268391707756237,0.13930393851197662,-0.23901676233763278,0.014097010130878398,0.11318259155946007,0.10254296379935385,-0.000395152988202278,-0.09595211196194398
80,-0.00723931084720535,0.1029391860237922,-0.0798818792064434,0.21713119491962968,-0.34961806972325116,0.04804671922944308,-0.2811422875269073,0.018431232616909914,0.0911067726418008,0.07296102094550096,-0.18775289317577454,0.5633763222317227,-0.3580984247501707,-0.22794064576807185,0.09297341185798623,-0.28810117669835567,0.0681616930126472,0.16693270635550736,0.0951403203955802,0.04879113851285116,-0.15705943180679244
81,-0.00607395552009252,0.11027673200303151,-0.09997308372280142,0.24562837587014133,-0.44013358035493544,0.04866089907468127,-0.2266034843593756,0.037550118159168075,0.0655383460032036,0.052475428383757475,-0.17557023127351812,0.5045582936489488,-0.46057725432452146,-0.22979833589483362,0.06471583086474053,-0.2950947749849998,0.11209759228516608,0.18140183408202465,0.03269560660082463,0.13984886626720588,-0.21669559216939488
82,-0.0010718532016887718,0.17542082994746552,-0.12815062429421825,0.3162079819589334,-0.6714408289637788,0.04926740744453615,0.06118946094097275,0.08688046064285324,-0.051047754153456304,0.012422830740765167,-0.12085888215018747,0.17755209556090373,-0.7400568143389513,-0.11614044344289656,0.020141107605106574,-0.24812639088492972,0.22449535519258768,0.15233933049512166,-0.19488664361760905,0.39956408644107866,-0.38828474819581993
83,0.0007432666312851064,0.2268326590294384,-0.09560841483833753,0.3535248238349543,-0.6818138610100165,0.0579590437410225,0.17768365727932423,0.08511123691196795,-0.05404622614595554,0.013483798236622074,-0.05465632690455145,0.009418300969944426,-0.757091952249473,-0.06410547845360383,-0.023023914872449213,-0.2543744502212173,0.25992420689995177,0.1545395407369099,-0.2297380750635356,0.4415449774540722,-0.43452331359041607
84,0.0025410604779487317,0.2275483745220396,-0.01739755299684695,0.2935646786244256,-0.6471992354071523,0.01804011017145997,0.24050447836392014,0.00934278548791903,-0.029955526336131688,-0.048071602429761204,0.08668571877253936,-0.16875595237378727,-0.48407524150014575,-0.08044377876963726,-0.13774030969991596,-0.2700600336817802,0.2978654365333886,0.18219931750469848,-0.17878504986757926,0.31311324768439985,-0.4290062251720039
85,0.0027952682951325855,0.17481800583723772,-0.05407531727037574,0.18669457446609544,-0.5962797714935559,0.04092385974867481,0.15746050088129748,-0.10644211896591256,0.013019162848490244,-0.061688782903484854,0.1923984881187168,-0.2684559644447115,-0.24611463478007994,-0.2081520249229019,-0.22502097246032615,-0.21789431995382613,0.2675553574153572,0.15100971219064604,-0.15708497464235593,0.20698595257501795,-0.37720340687354514
86,0.0020019666884192695,-0.06816958786997646,-0.08805641021338817,0.01027547628993978,-0.25867193784917275,0.06992225401594758,-0.12640216922490588,-0.2213251738711079,-0.04863990964046521,0.07360789084367264,0.21464800510797266,0.049637590610252094,-0.044395266195359696,-0.09232276775571352,-0.09430571139958802,-0.049667467362150525,0.18524526524734455,0.006315347697748285,0.03169636283098461,-0.05687310405604655,-0.06935016658179141
87,-0.0016085273277327045,0.0772096222496958,0.03880601997195922,0.07771151357865545,-0.19197294066886578,0.20388958005608937,-0.11657000546529475,-0.054438890462760216,0.021084996843733994,-0.015784846611729887,-0.11966161382227869,0.21810334250123822,-0.2965586760763364,-0.06798633694218259,-0.028650378334517133,-0.0951988816215182,-0.0061990047989764025,0.04638445954954871,0.06275037910877886,-0.0037869969566062542,-0.08361316058234079
88,-0.0009821192165657406,0.029159175753240667,0.028578867897606747,0.07720779723559994,-0.24662798654255386,0.1793396483412638,-0.09392746341481209,-0.0839226846390706,-0.006252750904634924,0.02236690807458002,-0.04195417361110106,0.20742606415880505,-0.2822478546784838,-0.06839921603144641,-0.07117622600398076,-0.11487922178765703,0.053714687715696846,0.03977547391227951,0.056225668329002054,-0.03968655191504725,-0.09916803743775475
89,-6.202127588117337e-06,0.007143979538931157,0.02668846347937221,0.10706256792960508,-0.22901401613401,0.12534393853360576,-0.07084885904532501,-0.05557863546707836,-0.04579461123857905,0.04902409675555715,0.009795588283864228,0.1694981778304297,-0.30983955399044105,-0.07847228380248328,-0.09334693629972013,-0.1148174298408654,0.09713865420877565,0.03699592312593142,0.012099880421510854,-0.05325819482030103,-0.09472231714513435
90,1.0965843492971746e-05,0.020923701791852302,0.011635123101944743,0.06701492591182431,-0.1517723804419659,0.041469599635438247,0.011090396408251506,0.0004246791461173325,-0.04161019904289398,0.01644926294387955,0.023814223780497912,0.0134922737975464,-0.2118594402727424,-0.03770270483382129,-0.054613256272323926,-0.04016507951094271,0.09658583301708056,0.013848609808681477,-0.05233314540425007,0.027261692632893582,-0.10263959207176407
91,6.236543586907494e-06,0.024405493572045085,0.007644410496611333,0.04660403146270328,-0.11415938857306494,0.040750776920931486,0.04113236729798331,0.0005177364085590353,-0.023427190217432874,-0.014145983652246457,0.021346691537525886,-0.02185157298251525,-0.15961307351255513,-0.011507122920495154,-0.03906675883736423,-0.0196943027715744,0.06812057908890103,-0.000533790162715664,-0.04357442688743008,0.04329450453410559,-0.09541883887992354
92,-4.197457230897827e-05,-0.006712565786083758,0.006404211623279217,0.02510917419489936,-0.11518578510691183,0.007812642689767578,0.030740269297006934,-0.04152335550981692,-0.011336141925957301,-0.01855743446351591,0.011470284502359474,-0.054333269334175115,-0.09365536289727755,0.007074976188769401,-0.005109235870093695,-0.007121303916191521,0.0712263648443427,-0.03230490080555139,-0.024045404075605077,0.03639266941271414,-0.0671007321728865
93,0.00031604165851867034,-0.02537147861702336,0.003649573093967879,0.014526195239495632,-0.13430098742236696,-0.005490035400637164,-0.0064719693106539515,-0.08381666118348402,-0.02487885737170424,0.0048438780360209955,0.049439783027656524,-0.0377988144357459,-0.06758364206784478,0.043533318694292236,0.026113903769093356,0.0005319371620944968,0.1014241841153601,-0.057914262849733736,-0.019947695374891095,0.026133528170200516,-0.05186949600056087
94,-0.0003353226288964734,0.10619189145199018,-0.2919718912092699,-0.12940212113125416,-0.27804403028260827,0.08228900488684537,-0.4804167587095357,-0.19874482146460465,0.008954236950030175,-0.058609468934601464,-0.08127533035689646,-0.05249368482720928,-0.06242235345767179,-0.4066588844360928,-0.3618312549653122,-0.006177775331204472,0.01295455658579206,0.08907458675756152,-0.2254979443373279,0.04894902647031475,-0.15937380377215615
95,-0.0008356305193069902,0.04692502456218952,-0.25735456199680684,-0.07120779801791835,-0.1981479329164802,0.07585319026328652,-0.420950929782873,-0.10712773714942142,-0.0059248528286740985,0.013721529537698727,-0.17762538977970932,0.0899564668791033,-0.20370434382484454,-0.2655501590858507,-0.27613757528741445,-0.018845369885846043,-0.01957485796882316,0.041689520134889274,-0.2620745416973814,0.1323890705198844,-0.1372268008529993
96,-0.00041220804593832764,0.06959046736485677,-0.12597333323917115,0.019905808961511263,-0.24691709554577435,0.07443920417843626,-0.23652758216612813,0.015116809948488404,-0.011616649241423312,0.011182080346504758,-0.17437459795307444,0.1164624004256917,-0.25819334303984176,-0.20420348376399983,-0.20023707297633864,0.00023852695159588128,-0.03130799546348449,0.01840805647569278,-0.24281649664003796,0.21268583024777082,-0.1394245236875149
97,-0.0004658762143545368,0.040219177329568305,0.2606655004962442,0.13913077799107482,0.17307601579455534,0.010334915670082687,0.3586930211749663,0.13324450181913908,0.03176611894126376,0.02218219229131191,0.08175444521441394,0.051021106370303965,-0.026682641903218833,0.24586967654657488,0.22328616293008496,-0.010078416805836366,0.013133874924211857,-0.012474326140965004,0.14949189987251926,0.039152405171421614,0.069074958969358
98,-2.7161063050020655e-05,0.1614516595704289,-0.17186305464371104,-0.1431533189727654,-0.1795301587013679,0.05175427348370346,-0.3081584815408418,-0.23808847110258247,0.027503143429641025,-0.06346661625176818,0.1395418370050125,-0.22382839653525144,0.22810859698432912,-0.37346614762069774,-0.2539697477382308,-0.008893018493765613,0.07156823359057474,0.11699823240202532,0.029878810814805742,-0.11702184672515208,-0.04892729194708911
99,8.245421595399929e-05,0.005098671267132785,0.19243508207809484,-0.2433092595250747,-0.17330024803781421,-0.22377437878673415,0.4136708020047407,0.2940671925734464,-0.6029948872515787,-0.1013036523298601,-0.32550465529519185,0.34492252455134736,-0.10063562303416773,0.1529615799365061,0.31999097771426177,0.13425499546399422,0.13376374132510943,0.12270002889757826,-0.11205937728370696,-0.07016413857071496,0.16159771872825168
100,3.777805781191848e-05,0.0008020445409882929,0.18673049151702892,-0.24646137923392497,-0.1698633214276476,-0.2192349855080843,0.41395902575977805,0.29966836444424105,-0.6054923119669691,-0.10017001085052518,-0.32699902413343607,0.3430711276113666,-0.10298532412643925,0.16777738502780412,0.32282973382334645,0.14646216062158304,0.12990209107480585,0.1262419151236759,-0.12153400286990848,-0.07261736380651175,0.16042250573831968
101,0.0002970365052339473,-0.04934053084452027,0.1920454119293737,-0.1511563189217181,-0.14231059966467996,-0.2240304188110013,0.41299649206713596,0.2673154320911161,-0.45644693593165675,-0.033745555999189394,-0.3059734927092126,0.3112613814990205,-0.11778789295175807,0.19109897354710714,0.2682762735552986,0.17582013484653292,0.16016477052291522,0.1068686923827333,-0.1735648514312778,-0.04156310321856267,0.14036256285519721
102,0.0010457045649209895,-0.05377967362583645,0.15716533317019302,-0.12349075578276866,-0.07968908235169973,-0.0924171595215995,0.2130001052545195,0.20972103253748653,-0.32709058695648824,-0.02822062898670869,-0.1515777977261754,0.1446146407254883,0.013261510571791844,0.1784049346342057,0.144121612683612,0.11348969535330419,0.04001556071941534,0.02801242117261098,-0.0901408807470508,-0.029887374016395032,0.08577704124155835
103,0.0005044751009095569,-0.016599024604879734,-0.050986530642306446,-0.12380387451847497,-0.1428346054216597,-0.0423426372692506,0.2201642195571405,0.12926710836633143,-0.33169807964897696,-0.04139486700324806,-0.09139967572531782,0.13450040940166885,-0.17259127816957787,0.09070530182976666,0.26068754670553507,0.03372095603114298,0.12237810145053712,0.05687820313525238,-0.06355097206935248,-0.005707268156323116,0.04272279962347986
104,0.0004988283438191276,-0.012838091449404294,0.14824594761623186,0.011246513632146413,0.04706323246369494,0.04797550967875572,0.18423776993206706,0.05011620816956744,-0.059283350111290115,-0.03582097639890579,-0.04696104315655081,0.0714490047340395,-0.13550727215787786,0.06300523746754974,0.12749843852863307,0.0353739738143561,-0.046768178571300466,-0.06299635229205217,0.003315013127322814,0.05304494589846848,0.05697687431453487
105,0.00010660398679447495,0.04310624899052935,0.03674324655348897,-0.24668385479195903,-0.24606036104880574,-0.3442628279617449,0.38959242397850025,0.2172125310510764,-0.39123835066650764,0.23059750546165117,-0.3506946621079343,0.1548722534720487,-0.1385246383746339,0.0703354476953735,0.3576956685819008,0.43064569105575623,0.14684112546259173,0.11059554244927444,-0.06192559840309274,-0.23466105611601112,0.17693010041133
106,0.0001878500912071829,0.05776756522201293,-0.1116797453671909,-0.0006284647409063211,-0.06471212538921535,-0.03852721778680983,-0.07084010819273465,0.11523850082231213,-0.0512314246923829,0.030392966218352968,-0.11056191964698597,-0.05123899987690665,-0.11785337895758674,0.1171301094057256,-0.010407395141649315,0.0412494472992711,0.03165131746496098,0.06405134503704395,0.02429203029638688,0.025180833681361092,-0.028344305637096383
107,4.041123559994978e-05,0.04157994597753657,0.058878343933873624,-0.2821509522124219,-0.22956938161878016,-0.3389804931667094,0.3642365141419882,0.18366382005696075,-0.364199518760484,0.21509312298215189,-0.3315740282417361,0.18664195352907792,-0.14777004937379626,0.04673031905297019,0.3659899469918201,0.42991360123727984,0.12284062817746019,0.12180854088833025,-0.04201958927799791,-0.179787665845657,0.13715037916347916
108,0.0001514486507168791,-0.08203608117925205,-0.051796577539466995,0.031404387877854996,-0.03459007668721636,0.03431345835875116,-0.08911618895173634,0.05952658966718992,0.029303638507235177,0.008349630119860984,-0.0022460664721235257,0.028774368878442837,-0.026714756786272546,0.04356404099274411,0.007474845538625801,-0.003449051780363026,-0.0812019722480318,-0.03978057648782114,-0.03600658062023533,0.0378513222981129,-0.055488196871596035
109,-0.0002242490167663439,0.041661325037767837,0.04972182837005734,-0.3029938301720772,-0.25281641376405406,-0.3567031885558138,0.352668335167306,0.19793273608588752,-0.3688078425645671,0.21857641013004012,-0.3221866757916934,0.18878425621364342,-0.11595749443980993,0.040922449738194144,0.364258764211459,0.44085406949694866,0.1330060156986554,0.13126320434138716,-0.012684369981982175,-0.18970836934827756,0.14072083735349858
110,-0.001329847803852406,-0.05512651229088078,-0.05494672975963355,-0.03172405809858781,-0.1457074220273356,-0.07259176918533694,-0.06125897545436293,0.08566066635888656,-0.05774899421990949,0.049718724830495595,-0.07525025676330313,0.046020788093512524,-0.02639103387395314,0.047827945906710134,0.05225233196639538,0.07224852591636427,0.04693295487639014,0.006190082591279341,0.051195174130561766,-0.0025909614278144515,0.025447939353205693
111,0.0017128170994548959,-0.029046713287699533,-0.04251412522885585,0.1175174533101246,-0.033411264531454904,0.011647164131847465,0.12114686026122212,0.11593568283483546,-0.06777114379733395,-0.025601808136546157,-0.1398877493420054,-0.10320960655892938,-0.046825523016194234,0.12023698633873856,0.09585894597006234,0.07411630009429729,0.09148648348326105,-0.012942671400394809,-0.18787338967099565,-0.10497301835022885,0.06078288959475549
112,0.0006403145396147771,0.0371254999830853,0.03825817922955098,-0.2517986557318276,-0.23420725285057556,-0.3325147391373675,0.3796125295869045,0.21543011838210818,-0.38431290806363416,0.22763875705394554,-0.3574950714793697,0.155167813887172,-0.1426678303768156,0.0817325868304698,0.3505295014958247,0.4397666242335134,0.13241260810416058,0.11561641020861564,-0.07290907352875858,-0.2249712423672225,0.1569948335596076
113,0.00031593511544648575,0.06589341784961308,0.07760043008988585,-0.2590073296594841,-0.24235353400003018,-0.33857144603423667,0.3772787581746897,0.20854556395347312,-0.3775746071374788,0.23377108278298875,-0.34040353858313327,0.15611674654738275,-0.12022397766207357,0.06154835049563748,0.33942720209800925,0.4495688961337141,0.14055972847916637,0.12150249765858046,-0.04970028831760305,-0.21317659048372012,0.161753100501846
114,0.0001713508245932379,0.060175597349661124,0.05346972923801424,-0.2460055634038279,-0.2540493660799863,-0.3403844860974954,0.3839476318433155,0.21911364220205967,-0.38769031417880884,0.22994785140074897,-0.34810658690526236,0.1628567126045393,-0.1362793702853209,0.06712562256354372,0.3485292898473383,0.43313955844120944,0.15012138772098163,0.12793602555973,-0.05867405702310467,-0.2236366257410142,0.1661464965190208
115,0.00010335804764053519,-0.007922446221398542,0.021529677348821667,-0.04986049604441849,-0.2452368219867532,-0.20481055731889242,0.2508800743731746,0.33562826669438306,-0.3325873658508726,0.12431997524575887,-0.4575079753856409,0.0983157626497966,-0.14822133479953886,0.19394873567200893,0.3110337825058245,0.41104567713666684,0.1943015952787675,0.08479158679256846,-0.1554615672467773,-0.09377129681170085,0.2500032705555822
116,0.0006296910692297434,-0.012008435852842274,-0.034297529356371384,0.027625782095522106,-0.05070356902210046,0.0869335331205279,-0.022421337487157418,0.14311042689517378,-0.10498377400388592,-0.016505459719761452,-0.1759928977705996,-0.07399228393649673,-0.08202419913015654,0.1069492077600512,-0.009200511668591083,0.09218185882044977,0.08289738902981413,-0.020826145187325368,0.012595371278279574,0.07368565095120852,0.09364958982555724
117,-0.00020104184221960856,0.05152605329733869,0.03880918200704618,-0.30716423761526923,-0.24935220605759578,-0.35775121340288973,0.36418509706558155,0.19680537257457642,-0.3720069673476884,0.20312313898371587,-0.3196844088415063,0.17221462815573696,-0.1218158961100988,0.03267534174724037,0.36615178302024426,0.4307328010383247,0.13742909466338013,0.13268897851489814,-0.011403024405061142,-0.19324292599093634,0.13968603884478897
118,0.00011596792340757265,-0.12172420845551433,-0.014878979437912802,0.2556468486267318,-0.06605862252765832,0.17835989921037915,-0.154184303244736,0.2799876792284324,-0.008780938548858183,-0.1226575034425382,-0.3448695125160002,-0.0639292856793407,0.006680599261775408,0.24206019159474002,-0.07039000294325576,0.07565102675614785,0.11205812358000469,-0.02012042352477818,-0.21662824489780386,-0.047803844953817926,0.1421116537829664
119,-0.000451185256467068,-0.01925063265671241,0.08138024790467041,0.01916716549882922,-0.015511682759966942,-0.03001008532569925,0.010355578951021223,0.05836726992867644,0.08725955992990833,-0.011531099374059883,0.10982892315702611,0.1226787572844278,0.1627918292428288,-0.04953102691866703,-0.020029153108117273,0.08234378927974602,-0.03382290239906855,-0.030398912261164923,-0.033274301712544266,-0.046855595763167335,0.058503186001206436
120,-0.00040531702959936716,-0.16350465939108116,-0.018621954664500784,-0.014146197163161683,-0.06372001345913096,-0.09366765168931779,-0.03568538205650616,0.03551356710605438,0.06956648340526228,0.06412224535640526,0.053926840798932646,0.09831297900802394,0.13367434492207214,0.013042403523129565,-0.026734295079946256,0.015233108455904566,0.019495549607206602,-0.032308008387138314,0.06290815957234425,0.019618314765414223,0.021692685319437546
121,-0.00015881536040010785,0.0872063315227723,0.08463383643411496,0.009251696113889925,-0.05230273617495234,-0.005477994032157638,-0.021682291525453083,0.08760847574208983,0.028854937191598762,-0.014309956215679528,0.1810879472772419,0.10352310031841594,0.15934851180368148,-0.05006366822301697,-0.0667583493139751,0.06807136120592913,-0.07813365830500096,-0.0036953233371785424,-0.09414757692221619,-0.030754718407955947,-0.031852952218659865
122,-0.0007974720338228337,-0.12322238227583672,-0.13147309622865877,0.055680493148866986,0.06677212617388548,0.08711505731295748,-0.06925906989212832,-0.06290141988996242,0.0041016939373160685,0.09136973255642747,-0.15445067813346286,0.1660503455085427,-0.3392204178109066,-0.02943934058401161,0.02218797900349389,-0.004233908756496783,-0.021123714194407985,-0.05725589694902049,-0.11898074197534984,0.1723666117128031,-0.030765592243332286
123,0.0017149652398672373,0.04203622489240358,0.22128575671453143,-0.09381545984012922,0.10834695000651975,-0.03139111007936235,0.1896396944020408,-0.10949967493234204,0.08130008805491512,-0.05525784420393341,0.13239752645281852,-0.20367598757186706,0.16423003536813102,-0.03154663641774802,-0.10423918309942706,0.1272038465714381,-0.08521849824606464,0.0016049886495077387,0.096404311743194,-0.02757734494907224,0.003952729609364474
124,-8.602931246197345e-05,0.04620491266898072,0.1323601034957274,0.08915928161517289,-0.11159731179460984,-0.010526901625162082,-0.1292750291265673,0.08372181099388516,-0.03743727140127127,-0.11890485008154242,-0.16157261195751038,-0.11530888978687379,-0.04216049268911803,0.0970177298743754,0.13303544065775796,-0.05609168995059925,-0.21607131446971006,-0.006011711435229701,-0.1221186073965947,-0.130451054856321,-0.16411856789168516
125,0.0013864218297848247,0.0346149318756655,0.13786103554198054,0.007698955410087941,-0.1634001968785072,-0.14462971994413187,-0.10280330338510493,0.057518324524089455,-0.047941369687759285,-0.09223185666016509,-0.12038929013760438,-0.22679495747507478,-0.12036803587820648,0.12236241470932954,0.1829380220077668,-0.016463457188250406,-0.40686902723821644,0.02004392856732521,-0.1730405285624435,-0.18058772041647558,-0.3825099618302598
126,-0.00023271490511353086,0.08320629912113683,0.04303457375298475,-0.012581841250267616,0.005000842545133664,-0.01993432825427027,0.03322961868851415,-0.032078502608897566,0.010004474625266963,0.030627997945834137,-0.03703360474280097,-0.010291289616905258,0.004517321728690541,0.01061085119181164,0.01976379138378498,0.06950450961610546,0.1326572848710842,0.075289517045321,0.08427644373845722,0.011087357587763316,0.07444328354729339
127,0.0013536924890821737,0.021077274659133474,0.042708307232585466,-0.044226858106022976,-0.09222252663836532,-0.12600702852670098,-0.19666232733396347,-0.1509659410741928,-0.03309856995452866,-0.014157182472635643,0.29218197979803906,-0.1377265856494297,0.37144264131083593,0.018119409949863746,0.0509909628696226,-0.011844655345030455,0.14973461730337498,-0.07255094827595002,0.019450057728244447,-0.119736582926406,0.050842722682644545
