,IND_PROD,EXPORT_D11,IMPORT_D11,EMPLOYED_D11,CONSTRUCTION_D11,CARGO_D11,RETAIL_D11,BUSINESS_CONF,REAL_DISPOSABLE_INCOME_SA,RETAIL_FOOD_D11,RETAIL_NONFOOD_D11,TOTAL_REVENUE_SE_D11,unemp_rate,EXPORT_SNG_D11,agriculture,HOUSING_D11,real_investment,IMPORT_SNG_D11,inflation,d_reer,d_poil,d_pgas,firms_exp,infl_exp
2002M01,4.294247395,4.106261056,4.302594214,4.013331117,4.422206145,3.99918626,4.058398794,4,4.1675943,4.056727908,4.058436833,4.054441774,7.599857559,4.158658204,5.25295011,4.363022717,4.797692207,4.224606979,3.099291299,-0.5,4.2,0.5,30.04,
2002M02,4.277403278,4.072642743,4.247577325,4.018527631,4.430851491,4.01397233,4.058244719,3.996155853,4.1694468,4.050872817,4.063470903,4.050769437,7.676340833,4.155408543,5.259293026,4.396300843,4.797766856,4.211082129,0.414030164,-0.783922912,4.428424305,0,30.13,
2002M03,4.274527501,4.180297814,4.270286093,4.014804481,4.438702359,4.017077797,4.060347586,3.993413927,4.1847943,4.051597327,4.063879697,4.043727163,7.831864707,4.22526649,5.263642326,4.62366553,4.809562955,4.174341627,0.873199922,-2.364895938,16.86390533,30.60344828,29.48,
2002M04,4.282259461,4.29735757,4.339814811,4.011794949,4.439065044,4.019749963,4.069638336,3.99413224,4.2227259,4.058819113,4.078538846,4.05867556,7.989481009,4.223837281,5.263139104,4.52933296,4.809791087,4.211577387,1.316439338,-1.963077782,8.565400844,13.20132013,29.44,
2002M05,4.281065207,4.248751091,4.292965786,4.008007322,4.448428291,4.02359526,4.06355969,3.997167961,4.2006166,4.053744749,4.07311012,4.064097534,7.886108163,4.237828536,5.262310428,4.551526007,4.808019026,4.180605427,1.739968674,-1.940879038,-1.476875243,2.040816327,29.13,
2002M06,4.288487924,4.187246139,4.326950235,4.012844123,4.470450844,4.025864257,4.087037595,4.00145852,4.2246883,4.065832599,4.103814538,4.071234557,7.852137336,4.207951858,5.261415439,4.617711725,4.81786898,4.18800894,0.846166262,-1.956692158,-5.009861933,-6.857142857,29.89,
2002M07,4.311353549,4.308454711,4.364354691,4.016825878,4.488513165,4.03785382,4.101466873,4.005319278,4.2482562,4.077745892,4.120746605,4.078931299,7.777448426,4.279336062,5.267249985,4.54806987,4.825212373,4.244322248,1.038504463,-3.095393615,6.893687708,-8.282208589,28.91,
2002M08,4.317298736,4.343380368,4.347085073,4.02164536,4.505514952,4.034369705,4.121522701,4.009443858,4.2649465,4.094736089,4.139173812,4.090129009,8.160972549,4.298091042,5.264651839,4.585943339,4.826231892,4.240959704,0.234518273,1.290248597,3.535353535,3.344481605,28.86,
2002M09,4.31235665,4.363910204,4.355086023,4.016385905,4.516581534,4.053883532,4.126054946,4.011688994,4.2583357,4.106971765,4.142665241,4.085476467,8.398555734,4.353471175,5.254596487,4.669286811,4.836088237,4.250712011,0.751802304,-0.492300074,6.566604128,14.88673139,28.43,
2002M10,4.325075801,4.37410997,4.416147757,4.013710911,4.530950226,4.059530075,4.13328944,4.012099511,4.2850998,4.111000015,4.151944878,4.08915078,8.709043001,4.417998518,5.26018415,4.613449681,4.84517408,4.2998008,1.103080868,0.356011693,-3.028169014,16.33802817,28.02,
2002M11,4.311117222,4.366973037,4.385345981,4.010346176,4.538053319,4.057644279,4.140949887,4.00955944,4.2925513,4.116677796,4.161313597,4.098789432,8.714409905,4.429328623,5.269299028,4.654027813,4.853937273,4.32266658,1.291345687,-2.147609776,-11.6194626,-2.179176755,28.53,
2002M12,4.308235534,4.439569113,4.377071459,4.007586211,4.433214655,4.060838191,4.141569377,4.005380466,4.2814229,4.11203325,4.168415267,4.10450729,8.395645728,4.449387203,5.263908669,4.634482436,4.859932165,4.34466775,1.440169157,0.015865525,16.3927691,17.32673267,28.39,
2003M01,4.351139733,4.470916887,4.497935718,4.00524175,4.550344619,4.087718023,4.15244357,4.002242083,4.3362814,4.122424951,4.175065478,4.120610506,8.322208925,4.457126501,5.263225693,4.644617844,4.868486536,4.434855055,1.049308369,-1.906883106,10.06000706,14.55696203,28.07,
2003M02,4.351045655,4.464182655,4.464456904,4.002833269,4.555268433,4.075618542,4.153067141,4.001800179,4.3383155,4.122416743,4.177003117,4.121447946,8.237059846,4.521215301,5.264006835,4.632842731,4.881093646,4.388383234,1.043696437,-0.936262932,5.099422707,41.98895028,27.59,
2003M03,4.370648676,4.4893908,4.464888814,4.002255781,4.558436734,4.092893998,4.162150956,4.001564297,4.3433501,4.131362463,4.185726006,4.121331698,8.225169228,4.482052617,5.263983135,4.67036662,4.892683844,4.384655672,1.263226518,-0.156679527,-6.591394568,-23.08690013,27.37,
2003M04,4.384975869,4.381621533,4.513525938,4.003012782,4.56118511,4.086868722,4.158819066,4.002626366,4.3294034,4.135519592,4.180392231,4.122159083,8.409691503,4.538906131,5.263102746,4.667355393,4.909702738,4.396744859,1.022177498,-0.218621112,-18.32734401,-11.29848229,26.36,
2003M05,4.381395448,4.460273925,4.51809988,4.000854899,4.575347806,4.096092448,4.163830934,4.007719033,4.3835476,4.143487306,4.184624514,4.124411919,8.411684413,4.47783154,5.263045981,4.684194435,4.926322237,4.388480423,0.867803068,-3.076970825,3.44,10.45627376,27.68,
2003M06,4.37645826,4.511288517,4.507442491,4.004319706,4.585627716,4.112886572,4.174990569,4.014203475,4.3620327,4.15048092,4.195355513,4.128976706,8.378478235,4.512472661,5.260701477,4.711553907,4.925988392,4.445811236,1.007047598,1.678387712,6.921887084,0.17211704,26.14,
2003M07,4.394770893,4.505614173,4.567420901,4.005997774,4.609998811,4.114533501,4.180046916,4.0205607,4.3634952,4.15721132,4.200621477,4.130989886,8.417370315,4.556327293,5.16538962,4.706005285,4.952805243,4.569331195,1.022632166,1.487624131,2.53164557,-13.57388316,26.96,
2003M08,4.381886587,4.519028918,4.552103398,4.010729265,4.619746304,4.118566357,4.185044627,4.024444221,4.3760195,4.167198236,4.195540868,4.110886281,8.266808561,4.550853113,5.187886128,4.567235312,4.957221156,4.520042488,1.025968353,1.690987199,5.432098765,-0.795228628,26.62,
2003M09,4.40808071,4.529071444,4.593711079,4.013509192,4.63457601,4.115817449,4.195910337,4.025170475,4.3964794,4.167245738,4.221489723,4.142821629,7.99239395,4.56725597,5.337515339,4.679810447,4.978757831,4.544683595,1.048836146,-1.859238631,-9.300769488,-7.414829659,26.81,
2003M10,4.418159087,4.594476874,4.63762457,4.017207767,4.649748705,4.13243465,4.204119062,4.026757241,4.3975663,4.175148443,4.230354776,4.154140556,7.81638012,4.636567464,5.320309996,4.696308431,4.995192397,4.591881653,1.007562331,-1.037354785,9.221689414,0.216450216,26.51,
2003M11,4.404151869,4.549894782,4.576740928,4.021702872,4.624906672,4.13603602,4.211676219,4.026727644,4.4005869,4.181284685,4.239075444,4.155474351,7.946482187,4.65478154,5.269966296,4.54661206,4.993926408,4.564886005,1.051940565,1.074815312,-2.904424181,-3.455723542,25.49,
2003M12,4.438370094,4.599569093,4.685960123,4.020472626,4.562432393,4.14832768,4.217972277,4.025012347,4.4216658,4.184385911,4.250392737,4.166392734,8.112985516,4.723466622,5.28943105,4.707104325,5.014550752,4.669153879,0.875506208,-0.635714343,3.686956522,37.13646532,25.59,
2004M01,4.436905617,4.618349346,4.688690324,4.020122721,4.693149555,4.149780121,4.259269497,4.02155619,4.5577879,4.22968454,4.281491209,4.18275025,8.229824899,4.740821629,5.293231053,4.698727292,5.051043763,4.621617662,0.987541588,0.483308648,4.93123113,0.163132137,25.58,
2004M02,4.449670061,4.673357697,4.732629218,4.020815163,4.707310649,4.168569467,4.270341056,4.018227311,4.4327286,4.232492895,4.299737221,4.199431999,7.951567307,4.772501911,5.29135136,4.762063392,5.055965193,4.69615269,0.797368166,0.104985944,-1.342710997,-12.54071661,25.53,
2004M03,4.445680476,4.693186651,4.760607339,4.022478046,4.698134986,4.160271341,4.279323746,4.015914833,4.4231385,4.239335063,4.311166531,4.206316877,7.635333782,4.797614121,5.287974766,4.718509575,5.064697,4.718557504,0.727541521,0.945682419,8.976020739,0.372439479,25.78,
2004M04,4.453884945,4.760447174,4.78042949,4.027435768,4.700934821,4.174960726,4.279815294,4.015394298,4.4359132,4.242327144,4.313190336,4.198208315,7.375772125,4.798869767,5.288832477,4.731446972,5.070186838,4.785554698,0.81063623,0.009216924,-0.118941421,5.936920223,26.37,
2004M05,4.456783118,4.714668804,4.779609,4.031630889,4.710455069,4.162182137,4.285322022,4.017411182,4.410783,4.246092045,4.31987444,4.187170786,7.466079005,4.833768496,5.287532266,4.744234816,5.089886119,4.821299921,1.132538655,0.165580259,11.84876451,10.85814361,24.77,
2004M06,4.467814553,4.802610759,4.830628707,4.030156756,4.703137717,4.167662736,4.293756933,4.019600889,4.4520576,4.252966964,4.325819014,4.199229569,7.421121679,4.93508404,5.28937243,4.714655569,5.095422728,4.813811264,1.11016064,-0.800112626,-6.361458611,-0.947867299,25.92,
2004M07,4.466276545,4.812642739,4.826053736,4.028186116,4.678298175,4.171413125,4.307035438,4.023325438,4.46607,4.263300608,4.343709585,4.212666657,7.440554956,4.92096789,5.288259,4.796995525,5.087457622,4.826947908,0.935165276,-1.267291993,8.641273451,-5.422647528,24.82,
2004M08,4.477831578,4.859687999,4.865937598,4.026604351,4.688762598,4.18342844,4.313553579,4.027152161,4.4664118,4.264617148,4.35193234,4.215966023,7.632846748,4.951983115,5.292069187,4.789163338,5.115262301,4.786143759,1.041257362,0.521598472,11.82626897,-8.768971332,24.64,
2004M09,4.473072417,4.877768977,4.875429779,4.024716616,4.690037432,4.184206792,4.322419731,4.029494122,4.4651028,4.274596261,4.363108012,4.237821997,7.78841311,4.95487299,5.293763664,4.747407154,5.11178337,4.795012187,0.978761212,-0.488219403,1.076275152,-4.805914972,24.28,
2004M10,4.468092467,4.90189738,4.847366851,4.023211744,4.676205829,4.179676755,4.335717838,4.029816696,4.4934362,4.280921858,4.381465663,4.22029599,7.921761195,4.970722186,5.302886164,4.815958424,5.119741267,4.806123535,0.844819625,-0.92231652,15.23148148,23.30097087,24.75,
2004M11,4.485405369,4.984888301,4.911380388,4.022372374,4.69143938,4.189663725,4.351431189,4.027717389,4.508221,4.291054294,4.401390449,4.220782188,7.66239813,5.106820768,5.296753645,4.804667672,5.130739781,4.866586147,1.105421276,-1.449935707,-13.3989554,-2.834645669,24.44,
2004M12,4.501428803,4.962455537,4.950185456,4.026105676,4.65361365,4.177535337,4.352965847,4.023674943,4.5025334,4.293642237,4.404930533,4.233170425,7.368090245,5.164093308,5.29190636,4.862223875,5.138582499,4.941838556,1.038519006,0.970642309,-8.141962422,6.645056726,23.91,
2005M01,4.479428104,4.875373021,4.917261602,4.031044812,4.79888183,4.188553695,4.36396032,4.021068982,4.5098554,4.302132048,4.413062603,4.184877924,7.149324909,4.765223507,5.300864819,4.84465566,5.140762156,4.770790917,1.016158967,1.269873141,12.3989899,-6.534954407,23.02,
2005M02,4.513521214,4.983038271,4.980342512,4.037724101,4.80835914,4.177066761,4.38146443,4.019671586,4.5310041,4.320407676,4.426085057,4.225843567,7.107284341,4.898039466,5.302264218,4.817720192,5.162649236,4.814565296,1.67845244,-0.354644186,2.179285554,-0.162601626,22.37,
2005M03,4.498512084,5.052842495,5.023715257,4.034903732,4.774186033,4.186076941,4.391133311,4.019412438,4.5613491,4.326622414,4.441823237,4.243215289,7.040858576,4.97132166,5.30478128,4.793630993,5.15709447,4.923691773,0.757616386,-0.441072005,16.75461741,13.35504886,22.70,
2005M04,4.507255206,5.069349663,5.027202899,4.035041478,4.770369469,4.191656725,4.409935339,4.017854565,4.5638643,4.346953291,4.462761816,4.263677995,7.164169072,4.98633613,5.306995007,4.779215329,5.175380228,4.863986852,1.030064576,0.565683533,-2.297551789,2.873563218,21.81,
2005M05,4.485172727,5.094246687,5.058225241,4.036427499,4.780664589,4.199687844,4.418912741,4.013532105,4.5640346,4.352847783,4.474843748,4.270174383,7.251404217,5.010349474,5.310425467,4.793261441,5.160764126,4.857720723,0.970555254,0.873221776,-6.225905937,-9.636871508,21.53,
2005M06,4.523015704,5.068359153,5.087420962,4.037121008,4.790391647,4.195822687,4.419389883,4.010314217,4.5677604,4.339699376,4.482307724,4.271485924,7.201348396,5.049547396,5.310917402,4.803981195,5.190119106,4.880206402,0.922356532,0.498473297,11.71634121,10.97372488,20.79,
2005M07,4.512114894,5.127092225,5.10494823,4.03740302,4.812953844,4.180772145,4.426858233,4.012030131,4.5798706,4.353319654,4.485525059,4.276883531,7.32531222,5.012522334,5.320648266,4.640566975,5.215076454,4.836809987,0.82954154,0.244059116,5.832566697,6.267409471,20.86,
2005M08,4.518822073,5.104797888,5.118021456,4.038444831,4.826309295,4.198027696,4.436449291,4.016364322,4.574766,4.361314891,4.494687647,4.285875569,7.213396345,5.038093675,5.320884894,4.848495934,5.208164187,4.867032698,0.733052764,-0.672157296,11.23087622,24.9017038,21.76,
2005M09,4.530576728,5.158688306,5.138167432,4.041850852,4.814149738,4.20208533,4.451189607,4.020321443,4.6262229,4.375467476,4.511129331,4.28891788,7.078725313,5.135004275,5.320302072,4.869298107,5.222649193,4.899291944,0.741785511,0.248091378,-1.672397624,23.29485834,21.90,
2005M10,4.523933471,5.148032185,5.134114401,4.046295311,4.813751688,4.212393832,4.457559187,4.020234317,4.6093486,4.384770893,4.516305408,4.282784688,6.932463356,5.106859618,5.282722395,4.819763318,5.224528459,4.840531664,0.827945328,0.905901243,-6.94643141,14.21276596,21.54,
2005M11,4.538970863,5.194788945,5.224030868,4.050262302,4.842993319,4.209854408,4.469294303,4.016109566,4.6174124,4.395027985,4.529888034,4.299637589,6.99532234,5.146149202,5.287108127,4.839825481,5.259962898,4.920891085,0.580405423,0.798590284,-5.637171165,-23.24888227,22.17,
2005M12,4.545313605,5.216236311,5.199733591,4.051022916,4.805871811,4.210723851,4.483643641,4.013969748,4.6484982,4.401735352,4.553028608,4.312835058,6.996083977,5.091110445,5.311169967,4.952404337,5.2646386,4.917883192,0.628107287,0.348465545,2.932657495,26.69902913,22.08,
2006M01,4.531088298,5.28223248,5.212359978,4.052491848,4.75286125,4.1835655,4.478897882,4.014805323,4.6440411,4.40414806,4.539646909,4.265886573,7.060317873,5.211738573,5.31201098,4.665119428,5.258533167,4.901374411,0.668865214,0.00480089,10.78086528,-33.40996169,23.13,
2006M02,4.536794317,5.295743865,5.238242194,4.056623771,4.820445078,4.208056963,4.4938483,4.01740182,4.6381868,4.401717394,4.559835582,4.299179907,7.100147916,5.299398774,5.314018998,4.616871768,5.278781478,4.911142049,1.176048356,0.962555913,-4.413398952,-13.23360184,24.77,
2006M03,4.559784743,5.282649001,5.30105805,4.050763907,4.905698747,4.220225961,4.514050548,4.020651696,4.6703994,4.412171799,4.595227416,4.315816084,7.321426319,5.271473312,5.313889145,4.888985949,5.317749925,4.969272113,0.882501139,0.505633158,3.072579306,-8.620689655,22.23,
2006M04,4.554625958,5.272769751,5.214110166,4.047953761,4.894100443,4.216341379,4.530446361,4.024247262,4.6738209,4.426545538,4.613525395,4.318344641,7.678222052,5.12078043,5.31512227,4.918066102,5.316842806,4.846914557,0.828226107,-0.524900657,13.21301966,3.918722787,21.38,
2006M05,4.579070647,5.377980606,5.393891705,4.044486267,4.900858567,4.230279863,4.543853976,4.027597492,4.7146564,4.442437444,4.628501892,4.335041069,7.458637241,5.255145513,5.315106438,4.94250545,5.34495765,4.976987005,0.46530856,-0.915270106,-0.683176772,-12.70949721,21.29,
2006M06,4.570584228,5.339986064,5.485558608,4.048144572,4.936805544,4.229729187,4.560148707,4.030907978,4.7233072,4.454985937,4.644674264,4.354576926,7.194204717,5.259369663,5.314912601,5.051881155,5.34979183,4.9621468,0.656537217,1.281582243,-1.748351963,-0.64,20.99,
2006M07,4.572248971,5.305261491,5.38624962,4.051566812,4.961180923,4.237113745,4.569667469,4.034219321,4.710114,4.467547389,4.653913708,4.349913607,6.889479976,5.278748333,5.31349702,4.752900486,5.351399308,5.003223416,0.662203649,0.04992273,7.453325554,-0.644122383,21.95,
2006M08,4.594075092,5.363557287,5.465835833,4.055227524,4.978734668,4.241237623,4.576228852,4.036656012,4.741289,4.472312357,4.661597413,4.355568368,6.901071711,5.351753907,5.309416097,4.992760503,5.387095669,5.068179606,0.707663794,0.017274902,-0.597258043,15.72123177,21.77,
2006M09,4.596382901,5.318261701,5.478255007,4.055524189,5.003970913,4.2287847,4.584785929,4.03827725,4.7233901,4.483095275,4.668352685,4.359959268,6.776439047,5.432982632,5.359566781,5.033498292,5.405304334,5.12674004,0.853995078,0.279250591,-15.38986754,-31.37254902,19.88,
2006M10,4.606506992,5.263650832,5.522466891,4.056941568,5.034647309,4.215695983,4.599307577,4.03867255,4.7370599,4.497655882,4.683177016,4.372967775,6.639492926,5.231838915,5.355755883,5.04443989,5.422307101,5.162257123,0.598868792,-0.271970518,-6.697869593,19.3877551,21.39,
2006M11,4.606134021,5.324571531,5.558168032,4.05784249,5.038322936,4.226737535,4.608045312,4.038736833,4.7424082,4.50876379,4.690382616,4.374777031,6.614153156,5.28223399,5.366199775,5.058871629,5.429512501,5.143059088,0.466030478,-0.41318595,1.643314305,26.66666667,22.51,
2006M12,4.605456645,5.398090536,5.626409089,4.062591013,5.02054289,4.240254137,4.622419863,4.038939416,4.7646422,4.520462793,4.708898666,4.364543663,6.4327427,5.395812386,5.365639837,5.127572501,5.433004279,5.176969287,0.64677182,0.530690291,6.313818924,-9.176788124,22.12,
2007M01,4.619357863,5.31333287,5.691912716,4.06879885,5.008559399,4.244062736,4.619391214,4.039761033,4.7595097,4.503667556,4.717029632,4.382446465,6.424826052,5.345739551,5.363323341,5.163700466,5.480727544,5.307466913,0.743706347,0.650236311,-14.07075396,-2.674591382,20.72,
2007M02,4.609253339,5.364890296,5.674292424,4.076489298,5.005584561,4.235715478,4.640279831,4.041406925,4.7697847,4.533792804,4.720093776,4.372239363,6.251007229,5.43214281,5.36211197,5.181016162,5.472255926,5.300311252,0.635692817,0.047263157,7.228017884,22.13740458,19.61,
2007M03,4.629492389,5.375392773,5.713992622,4.07650396,5.040762298,4.235018623,4.658645629,4.043078429,4.7799753,4.548809222,4.74746575,4.380515303,6.142477003,5.400533359,5.366083813,5.166098122,5.47995298,5.269053,0.710654351,-0.44160209,7.800555942,-11.125,19.34,
2007M04,4.624073291,5.41429329,5.700528133,4.076638567,5.07174343,4.240586208,4.677898284,4.043952811,4.7764514,4.563257241,4.766777177,4.389418238,6.02468737,5.428434173,5.365501744,5.194078415,5.4949711,5.255824258,0.570839201,-0.796215676,8.767123288,6.891701828,19.46,
2007M05,4.639451316,5.468725892,5.775785567,4.075272732,5.110153376,4.274327524,4.6921429,4.044452496,4.805836,4.571329321,4.792739399,4.409326612,5.994067621,5.505297551,5.36588975,5.199283612,5.514554201,5.313069127,0.561564192,-0.414307292,-0.414876278,0.526315789,19.60,
2007M06,4.641105412,5.392821897,5.798343751,4.075961883,5.115363381,4.248864309,4.707699987,4.044549303,4.8092016,4.584081582,4.807808711,4.407055645,5.921876096,5.420505996,5.366889149,5.240738744,5.537837762,5.296814213,0.599172061,-0.29719769,5.713435501,-3.795811518,21.57,
2007M07,4.655448576,5.445761219,5.785833682,4.076069284,5.129129761,4.249355173,4.715847638,4.044501735,4.8195541,4.585626196,4.822170541,4.410907739,5.916004663,5.485617468,5.36096244,5.167314088,5.549153631,5.30239192,0.737257184,-0.255974174,8.275862069,-15.37414966,22.22,
2007M08,4.657361038,5.461701541,5.820339273,4.074485796,5.128205763,4.233222316,4.731914951,4.043995611,4.8427274,4.597184923,4.840828474,4.419343587,5.84455977,5.474279567,5.369193264,5.206973399,5.546667584,5.333220526,0.968015359,0.397740466,-8.020278175,0,22.64,
2007M09,4.644069501,5.40992231,5.751521815,4.075365041,5.132458579,4.239740191,4.738020175,4.041069006,4.8485195,4.598286044,4.850315762,4.415442833,5.753687672,5.473256762,5.372380231,5.230176106,5.545030324,5.29388289,1.050726206,-0.292544847,9.058790277,-2.250803859,25.21,
2007M10,4.663620587,5.592742516,5.894539585,4.076464572,5.156013121,4.237601081,4.745354015,4.037533961,4.8450874,4.600531871,4.861948204,4.432730821,5.638089607,5.606729974,5.364950957,5.185096895,5.646002715,5.365008194,1.182009984,-0.57383463,6.699494622,10.85526316,26.15,
2007M11,4.663231148,5.671838992,5.94275558,4.077539255,5.151116004,4.259618833,4.763544755,4.035937791,4.8778545,4.614345349,4.884428752,4.438693629,5.842498697,5.692519493,5.368785616,5.273245654,5.661112454,5.379022782,1.743835109,-0.250625813,12.22977897,5.341246291,27.17,
2007M12,4.657274471,5.666853711,5.907692871,4.078319368,5.206227993,4.274161386,4.780064958,4.035065975,4.865368,4.636118441,4.898339414,4.435017079,6.055425246,5.700564345,5.430763658,5.213107281,5.668730745,5.420823355,1.154151737,1.41458886,-1.601558273,0.14084507,27.29,
2008M01,4.682024184,5.805103602,6.049825533,4.078867372,5.315313547,4.27850418,4.778514612,4.035510335,4.845872,4.651754184,4.884726097,4.420675336,6.243941248,5.853966006,5.436967778,5.263472299,5.675759301,5.4887178,1.008138862,-0.40332968,1.374683823,12.3769339,27.26,
2008M02,4.684715108,5.772062303,6.137976049,4.07894223,5.310401197,4.308279031,4.817604519,4.035104214,4.8506154,4.6791866,4.922866898,4.434607339,5.962310573,5.837367187,5.440404126,5.206778867,5.684661325,5.563329159,1.105386695,-0.752415562,3.048383597,6.883604506,26.96,
2008M03,4.667463532,5.788964348,6.081044264,4.081536119,5.29682631,4.284336689,4.817219571,4.0356895,4.829762,4.679926547,4.925954915,4.420954486,5.646062177,5.752391898,5.439527825,5.251498798,5.680954181,5.53054276,0.746579798,-0.33225541,9.106221708,10.18735363,28.51,
2008M04,4.677930937,5.806223216,6.163272362,4.084494031,5.264713092,4.293871137,4.824916419,4.036335919,4.8593965,4.651291702,4.95890907,4.434403626,5.509416009,5.874300184,5.441308568,5.208903561,5.693773619,5.605550226,1.047483426,-0.412494584,5.239289849,8.182784272,30.41,
2008M05,4.680676188,5.828631707,6.141149428,4.085110873,5.280559547,4.283004478,4.835442689,4.035366021,4.8463914,4.691767476,4.955726939,4.430675454,5.788960881,5.940156394,5.442085404,5.222798396,5.69607478,5.59109608,1.365303481,-0.591162217,12.58824608,10.70726916,30.63,
2008M06,4.668269672,5.876703839,6.141853441,4.083557432,5.257303744,4.282603967,4.842892035,4.03314584,4.8527575,4.692304884,4.966886696,4.433749193,5.917928898,5.935549287,5.447398403,5.211581231,5.677492639,5.648130188,1.398173349,-0.099794966,7.752442997,12.59982254,28.96,
2008M07,4.672006347,5.901690459,6.218091299,4.080385026,5.248815642,4.266521673,4.856141876,4.028794401,4.8786805,4.705930096,4.981365275,4.453811782,6.233699109,5.916875735,5.450949265,5.397935947,5.669718117,5.72984601,1.298726681,0.012231764,0.302297461,-12.60835303,26.74,
2008M08,4.669853759,5.854265899,6.138951257,4.078615667,5.202400576,4.25285131,4.865915892,4.023491459,4.9434869,4.718026759,4.9882381,4.437461612,6.488320042,5.837472235,5.536334634,5.223416321,5.663255714,5.638334734,1.026429744,0.242982999,-14.67751658,-25.51848512,24.15,
2008M09,4.670090697,5.836461043,6.155458684,4.074698341,5.219311941,4.247748641,4.875179645,4.009376905,4.8579899,4.723340322,5.002611398,4.44647731,6.681435002,5.771009021,5.502702922,5.262099522,5.663594446,5.669818857,0.977549282,-1.159047349,-14.13811374,-7.142857143,23.10,
2008M10,4.646893246,5.70682185,6.089947944,4.074089417,5.211788862,4.248589686,4.86526791,3.988965037,4.842056,4.717920051,4.989345327,4.448562314,6.847316583,5.775370021,5.482134721,5.275568677,5.655545418,5.426554534,1.050317866,0.99363119,-26.38074668,-12.12516297,20.56,
2008M11,4.520182255,5.495075141,5.878859473,4.072045849,5.205854074,4.166902764,4.846685635,3.966796793,4.8503089,4.705869516,4.966303972,4.422226826,7.412592519,5.443053658,5.481121807,5.234829985,5.630763043,5.072063609,1.056170914,0.288016819,-26.72534227,-0.890207715,17.92,
2008M12,4.501625787,5.36729708,5.877772475,4.065442417,5.171409501,4.151710448,4.83159962,3.953769809,4.7728823,4.693652301,4.947355189,4.413203866,7.830706822,5.311950795,5.470492245,5.296948476,5.541919448,5.111200228,0.952214598,-4.27155156,-23.83222116,-12.8742515,18.08,
2009M01,4.499151076,5.126824192,5.546840741,4.063062315,5.155216559,4.087964175,4.823431838,3.950583511,4.7936562,4.688258602,4.938941243,4.410072998,8.343925002,5.101986905,5.464196781,5.226427974,5.525824743,4.816077142,0.715624416,-10.90403971,8.7359199,-9.965635739,18.25,
2009M02,4.508548332,5.099754656,5.636137446,4.055163594,5.108158555,4.103883228,4.804917234,3.953439409,4.855515,4.669726539,4.913227511,4.400865212,8.378041675,5.191737478,5.462565962,5.25557327,5.519820173,4.893473258,1.336801055,-8.434641388,-0.276243094,-13.74045802,18.44,
2009M03,4.509661515,5.140068509,5.564189095,4.056401061,5.104141968,4.110733929,4.793376938,3.957854466,4.8716939,4.672148234,4.892636527,4.391024455,8.446478878,5.232399452,5.462756821,5.276203979,5.495579792,4.85590582,1.285489939,2.533715568,7.433056325,-12.38938053,16.89,
2009M04,4.520195973,5.148968244,5.564410943,4.056248897,5.111747086,4.088140111,4.780835544,3.962780216,4.873019,4.671492171,4.861926278,4.381824918,8.720984883,5.308036722,5.464199365,5.287800953,5.478438003,4.892697755,1.218951176,1.037592916,7.82122905,-11.61616162,14.65,
2009M05,4.517631874,5.203562565,5.490173096,4.052528678,5.081426351,4.078071288,4.778565709,3.969495204,4.8956559,4.672844336,4.867731412,4.371793065,8.625713733,5.299636314,5.464229057,5.243553839,5.455243762,4.906350506,0.864587533,1.460668571,14.18891989,9.428571429,13.39,
2009M06,4.531420444,5.289302521,5.579950418,4.053703023,5.069317205,4.115726637,4.775857641,3.97536842,4.8842943,4.67030445,4.863985412,4.378914898,8.435653489,5.296371123,5.46609454,5.11039756,5.443346976,4.947360689,0.686213043,1.01048459,19.7382199,-0.783289817,13.18,
2009M07,4.546710792,5.332589444,5.578349462,4.054595555,5.09987059,4.193584832,4.771996033,3.981056635,4.8679456,4.667621799,4.86203321,4.378655844,8.369099395,5.38679241,5.479120313,5.432749601,5.469164089,4.940984822,0.73222469,-1.928692135,-6.07783122,-11.05263158,12.69,
2009M08,4.534726691,5.360309252,5.522216653,4.055673912,5.069589875,4.196106963,4.766460474,3.986553299,4.8745819,4.659673109,4.855920076,4.37598661,7.978630266,5.424108044,5.475220143,5.257382579,5.456491243,4.965548566,0.657995075,-1.124513118,12.52327747,-7.100591716,12.22,
2009M09,4.554316342,5.427739544,5.670874952,4.057371574,5.04382076,4.189953976,4.771597057,3.990302494,4.8931578,4.666144121,4.86032603,4.378331227,7.808091987,5.440729904,5.591071044,5.206767352,5.464954903,5.062815306,0.54852978,2.175698497,-6.70252379,-4.777070064,12.03,
2009M10,4.560609775,5.466086932,5.706797422,4.058344735,5.090758178,4.200956782,4.779637599,3.993114588,4.9218462,4.677783416,4.863918398,4.379613715,8.151005706,5.486590607,5.460621105,5.230883791,5.475274561,5.157777978,0.374863731,2.819169532,7.568366593,34.11371237,11.80,
2009M11,4.554244677,5.516716443,5.755849709,4.053768548,5.095172526,4.213905553,4.785016096,3.993882957,4.8958142,4.683513349,4.869472742,4.374241371,7.817446435,5.630468265,5.455615175,5.200562374,5.479730386,5.207230204,0.308464121,1.171016348,5.345609454,-8.728179551,12.45,
2009M12,4.569249712,5.549735428,5.779711085,4.056719314,5.107824419,4.216087698,4.800668922,3.993412745,4.8960086,4.697561522,4.885198898,4.394040359,8.34210521,5.615370268,5.50507012,5.135427989,5.474894707,5.250479293,0.380510296,-1.148649429,-2.869814767,46.17486339,13.08,
2010M01,4.578381697,5.581545911,5.661376946,4.047863476,5.098975414,4.200638547,4.83284375,3.997927353,4.9424412,4.723507713,4.925983192,4.384880963,8.006163555,5.524458222,5.450906514,5.226407314,5.507943853,5.170011487,0.377960686,1.619734211,2.296535052,8.971962617,12.93,
2010M02,4.579111314,5.60274285,5.782944259,4.053759437,5.104601373,4.204609203,4.824296487,4.001976498,4.9244864,4.706904771,4.917940129,4.391034355,8.047537314,5.532430395,5.44902742,5.270341888,5.499774866,5.290332955,0.560700509,0.59054983,-3.177103847,-8.747855918,12.11,
2010M03,4.600351354,5.620148999,5.847851422,4.052507948,5.095436759,4.2263105,4.83543828,4.006343453,4.93837,4.716241664,4.933235625,4.397338996,7.870088689,5.528119059,5.449366112,5.04342349,5.524884371,5.364556427,0.512631755,1.560077758,6.888135593,-19.36090226,11.97,
2010M04,4.592652992,5.605110636,5.873187351,4.054677739,5.143536669,4.233551669,4.841608558,4.011241092,4.9361579,4.724180646,4.933968438,4.389288659,7.632589331,5.58517629,5.44759192,5.442743564,5.527885238,5.378174911,0.503439547,1.203514597,7.598629963,-6.060606061,12.62,0.503439547
2010M05,4.594663898,5.552108607,5.904407131,4.061999301,5.129596697,4.211791,4.846256727,4.016086369,4.940646,4.730455073,4.945319012,4.389306826,7.29849364,5.548122307,5.448841192,5.265321548,5.532594271,5.394282513,0.411013086,-0.711941748,-10.45743928,2.729528536,12.44,0.411013086
2010M06,4.60004016,5.565418883,5.895188523,4.071936915,5.171355147,4.20888934,4.852251867,4.018871021,4.9267946,4.73593517,4.949582783,4.388560475,7.272241961,5.623548301,5.442099088,5.183174785,5.553103451,5.359352858,0.435061065,-0.704583225,-1.566820276,15.94202899,13.51,0.435061065
2010M07,4.596741857,5.519564955,5.904729205,4.065963235,5.123630077,4.209650458,4.856642312,4.023173239,4.9461385,4.749300685,4.951401308,4.390946858,7.279738361,5.589551898,5.430241368,5.117054384,5.53237158,5.338980803,0.452914429,-0.927400789,1.096843232,-3.541666667,15.56,0.452914429
2010M08,4.603286403,5.542918692,6.007263082,4.066652139,5.150036517,4.215574374,4.853117561,4.027148771,4.933671,4.736397347,4.952633077,4.392081851,7.017337875,5.648849104,5.300362474,5.196218843,5.552560436,5.379064713,0.486416577,0.485337748,1.93172797,-6.695464363,16.69,0.486416577
2010M09,4.615496288,5.598709389,6.010306838,4.06946629,5.151412078,4.215584832,4.846192729,4.029996569,4.930839,4.72329907,4.955710642,4.401424231,6.895350177,5.639170491,5.30868662,5.110538725,5.560188971,5.46994982,0.687241806,-1.825808464,1.038421599,-9.953703704,16.17,0.687241806
2010M10,4.627026585,5.609904639,6.00796508,4.068542326,5.112771588,4.234636257,4.853027417,4.030776241,4.943991,4.721466697,4.967827196,4.403154315,6.737981744,5.731837619,5.326603855,5.179654983,5.557608028,5.40720332,0.830056437,-2.742242062,6.205035971,-11.8251928,17.49,0.830056437
2010M11,4.626016778,5.635148851,6.058046055,4.069312525,5.120556732,4.246910873,4.862699906,4.027988393,4.9370837,4.722184273,4.986642117,4.411809617,7.083347097,5.774680941,5.317913012,5.189455362,5.577530655,5.515942415,0.685011471,-1.155957148,3.157130761,8.163265306,18.81,0.685011471
2010M12,4.63415426,5.737571855,6.070985822,4.062668123,5.144376193,4.211620568,4.865503959,4.026842626,4.9328307,4.719618393,4.99322477,4.410266963,7.094988288,5.733290855,5.471522999,5.169889996,5.588633093,5.408052962,0.74799033,3.834743919,7.234990619,14.55525606,20.36,0.74799033
2011M01,4.638838881,5.658426596,6.101877189,4.067047353,5.09638004,4.243774829,4.874090708,4.026261528,4.9398853,4.727814549,5.003984087,4.41190413,7.025047529,5.878976277,5.469386771,5.030141186,5.573300865,5.647197906,0.768654501,0.947295962,5.544013122,5.647058824,19.51,0.768654501
2011M02,4.631817278,5.82157496,6.159923716,4.072947027,5.130383913,4.252091857,4.882936144,4.02646174,4.9243709,4.734403372,5.010029906,4.404564115,6.69387398,6.054557378,5.468636431,5.176951115,5.595481158,5.707405032,1.221349979,0.99915725,7.459593867,-8.908685969,17.40,1.221349979
2011M03,4.641961316,5.843473081,6.24888041,4.070523712,5.152316061,4.240251218,4.885822638,4.025123126,4.9147136,4.733228999,5.022784885,4.415141827,6.941721106,5.973226579,5.467395786,5.215673202,5.607354537,5.744844007,0.610360833,0.750659413,10.52834555,-2.93398533,17.39,0.610360833
2011M04,4.648291455,5.893545452,6.247213223,4.065847198,5.137813281,4.252957669,4.895697619,4.025640689,4.9279583,4.740633549,5.034244082,4.422061742,6.671996399,5.857675569,5.467567826,5.221906702,5.623991694,5.711324614,0.585676482,-1.370741454,7.519190509,6.801007557,16.63,0.585676482
2011M05,4.652448351,5.877813325,6.307055299,4.073761672,5.146515477,4.269884593,4.90286414,4.027843447,4.9105959,4.73915707,5.053390785,4.423342132,6.458193913,5.930463891,5.467661665,5.188838712,5.628379603,5.750597245,0.669292956,0.075735676,-6.709394775,1.650943396,15.44,0.669292956
2011M06,4.661444937,5.881895159,6.26536557,4.074770575,5.178071991,4.283180736,4.908484133,4.029531493,4.9260801,4.747141332,5.052041446,4.422206634,6.76993665,5.908598936,5.472251892,5.269445116,5.642712208,5.761067864,0.767215983,-0.196778894,-1.008783372,5.336426914,14.60,0.767215983
2011M07,4.652331691,5.821407711,6.195892157,4.075819956,5.178258918,4.257592469,4.916985711,4.027054837,4.9408778,4.76128461,5.060050935,4.406828513,6.485076535,5.820110137,5.577036201,5.238404497,5.652113075,5.768573934,0.624038751,0.707972041,2.758499517,-2.643171806,13.59,0.624038751
2011M08,4.657723451,5.890819874,6.271277675,4.076134122,5.187204406,4.23629915,4.930649863,4.023538891,4.9239703,4.768906337,5.075620944,4.42588623,6.399921215,5.827240277,5.571703703,5.212669735,5.666327687,5.781006752,0.420089674,-2.55543203,-5.770710439,-8.14479638,12.72,0.420089674
2011M09,4.660779145,5.858321434,6.195209809,4.079819981,5.208546265,4.220209366,4.936568254,4.019352088,4.9422201,4.779476721,5.078019579,4.422772635,6.455265739,5.923749692,5.63526599,5.310026617,5.678868653,5.728367672,0.444342412,-2.959523226,2.36799129,-3.9408867,14.45,0.444342412
2011M10,4.658345389,5.88111756,6.206537639,4.074827264,5.207564953,4.235938265,4.942561364,4.01793596,4.9326658,4.782084388,5.084332575,4.422827282,6.335862324,5.871934838,5.649161509,5.241490566,5.676843969,5.671139227,0.280568681,-1.008816371,-2.907028273,-8.461538462,13.70,0.280568681
2011M11,4.661679717,5.930453615,6.251775632,4.078074055,5.199025067,4.252094891,4.943339353,4.01521887,4.9326778,4.784371621,5.085468067,4.433886514,6.076481695,5.939113559,5.638402213,5.265267493,5.687449142,5.694574855,0.561482618,2.414305216,1.113646737,-9.243697479,12.95,0.561482618
2011M12,4.66976883,5.929810199,6.220679988,4.081292426,5.207399493,4.255543995,4.950291372,4.012574858,4.951477,4.787203829,5.094512369,4.437332223,5.841597763,5.998930981,5.515269309,5.294925046,5.702442344,5.737166105,0.526044441,0.53634311,-2.618037375,-2.160493827,11.88,0.526044441
2012M01,4.679050468,5.935059243,6.324216173,4.078500374,5.188738717,4.289300613,4.952106572,4.012109082,4.9591523,4.787170129,5.09828891,4.433464056,5.808765816,5.939411839,5.512600056,5.189113126,5.69507262,5.869247436,0.42548764,1.104809098,2.614257903,-15.77287066,12.44,0.42548764
2012M02,4.696946037,5.948939413,6.301565794,4.076434277,5.180711364,4.294566041,4.9665076,4.01198319,4.9488778,4.789725678,5.114210924,4.450206977,5.912742296,6.068505647,5.515859218,5.193834897,5.707842754,5.808485356,-0.203060648,2.419405225,7.80558316,-5.992509363,13.80,-0.203060648
2012M03,4.679836559,5.915824978,6.288767896,4.072619221,5.179570036,4.284131072,4.962162561,4.01108459,4.9472644,4.788664806,5.115904489,4.45269357,5.411114764,5.938681799,5.518516868,5.23084958,5.699815517,5.764557399,0.262501758,1.235859588,5.128634878,-13.54581673,14.52,0.262501758
2012M04,4.674156924,5.869398749,6.212037588,4.082505914,5.197504879,4.278990891,4.967792618,4.008501292,4.9425077,4.789641954,5.122404614,4.448533337,5.447343541,5.81332174,5.520201485,5.152608884,5.702552218,5.635584498,0.505908141,-1.211174827,-4.543642886,-10.13824885,15.84,0.505908141
2012M05,4.685855395,5.905753089,6.294057369,4.090697955,5.246365737,4.271235649,4.979432741,4.005000499,4.9742537,4.795236887,5.14075334,4.458226794,5.502371024,5.896794924,5.521322508,5.242608655,5.721405932,5.664151263,0.455809101,-3.649714829,-7.858037578,24.61538462,18.51,0.455809101
2012M06,4.677349349,5.810730781,6.232620412,4.088278537,5.201365729,4.276841134,4.985102212,4.003811269,4.9891421,4.798713769,5.144470008,4.462898728,5.373678296,5.905204011,5.519310287,5.274146893,5.714365312,5.553561807,0.485128833,-4.511109149,-13.75747689,1.234567901,20.17,0.485128833
2012M07,4.685912956,5.821850174,6.267638145,4.085875054,5.194732531,4.277374473,4.978671604,4.005943297,4.9593161,4.788779972,5.146141991,4.450325934,5.299202197,5.946833152,5.52010592,5.353993992,5.716051436,5.638847875,0.632141875,1.99236133,7.839428331,19.91869919,17.79,0.632141875
2012M08,4.696920856,5.832688678,6.261328437,4.085928378,5.222525645,4.281110965,4.980637323,4.008807125,4.9837553,4.787646431,5.149898224,4.447207246,5.338634943,5.952022504,5.523392491,5.302441058,5.719256105,5.694940029,1.059867418,2.27156632,10.46579614,-3.728813559,18.20,1.059867418
2012M09,4.681314505,5.859410116,6.181390487,4.085550749,5.217266426,4.27971803,4.987370402,4.009397928,4.9901247,4.794417184,5.157761132,4.451539109,5.221625267,5.922241181,5.528950997,5.243908121,5.712297618,5.641434138,0.6294228,-0.100132162,-0.441072689,0.352112676,15.78,0.6294228
2012M10,4.687863746,5.90021794,6.300214254,4.083732734,5.20159375,4.247382885,4.988113264,4.005903428,4.9725891,4.796388276,5.156162024,4.466146104,5.248339192,5.909523656,5.523786532,5.317095529,5.730442776,5.872910082,0.818624035,0.201254027,-1.018961545,16.49122807,15.10,0.818624035
2012M11,4.687130838,5.875685005,6.283166711,4.08564467,5.194572536,4.26819688,4.98818416,4.002757665,5.0059456,4.802117291,5.152801378,4.47338145,5.036971177,5.850726717,5.528703785,5.37785958,5.708861853,5.814123188,0.619921467,0.56052591,-2.372213768,6.626506024,13.91,0.619921467
2012M12,4.692685794,5.859994762,6.251531188,4.087444886,5.189442717,4.274720469,4.993694285,4.003213308,4.9922413,4.805817614,5.158631045,4.471933562,5.522250079,5.839935341,5.53734159,5.397646506,5.712959503,5.780834313,0.440215101,2.249826175,0.394278379,-5.649717514,13.02,0.440215101
2013M01,4.684757221,5.905214998,6.420942022,4.087397723,5.24901474,4.268944207,4.997639105,4.002654664,4.9909465,4.807333909,5.164465742,4.479498834,5.383953036,5.946767586,5.52705178,5.301223141,5.737122533,5.771800774,0.466670886,1.362314253,3.1692392,-0.299401198,13.76,0.466670886
2013M02,4.676452169,5.905483354,6.338160955,4.0883125,5.215867604,4.268991423,4.998243507,4.002890605,5.0122515,4.799233344,5.165244718,4.4758396,5.335364264,5.861136325,5.527633349,5.204384643,5.722701509,5.721958154,0.222183503,-0.267244666,2.735481586,0,13.13,0.222183503
2013M03,4.684137824,5.865562372,6.265612191,4.085602697,5.215591784,4.269912435,5.006368292,4.003975242,5.0399427,4.817734041,5.174221117,4.464269854,5.381776016,5.789687233,5.528284584,5.265529014,5.728560157,5.588356909,0.436826577,-0.905499229,-6.531667385,14.41441441,13.46,0.436826577
2013M04,4.686411498,5.869941927,6.329242824,4.084092602,5.197473472,4.280784401,5.013623341,4.00347702,5.0185489,4.816139147,5.186695933,4.476565524,5.357981642,5.792170903,5.527652033,5.395019078,5.722391939,5.697523883,0.353562429,-3.487045106,-5.734304416,9.448818898,13.48,0.353562429
2013M05,4.682029555,5.823118119,6.216431736,4.08132269,5.252443615,4.277662757,5.015234004,4.00251757,4.9836244,4.825238845,5.182173319,4.475373101,5.674030841,5.752717986,5.529142181,5.326719622,5.719139811,5.55798448,0.48073817,-0.600821847,0.303178484,-3.117505995,12.68,0.48073817
2013M06,4.695726904,5.85007193,6.252980812,4.07518477,5.190965378,4.26907758,5.02322168,4.002110255,5.0189445,4.830592781,5.191310633,4.473050857,5.48952242,5.734249821,5.53274873,5.302939762,5.71558729,5.594124629,0.558694359,-3.985350343,0.351014041,-5.198019802,13.14,0.558694359
2013M07,4.692338584,5.899518137,6.255649723,4.077332084,5.241792726,4.27204619,5.021365608,4.005011215,5.0031669,4.826451413,5.194013167,4.482199602,5.511017062,5.882338484,5.532175432,5.329885808,5.720208984,5.539071779,0.520350332,-0.358583312,4.867858531,-5.483028721,12.69,0.520350332
2013M08,4.696230439,5.878406651,6.188508863,4.081319151,5.194950492,4.287106318,5.018892915,4.006519402,5.007184,4.825105969,5.190549999,4.487278052,5.558821346,5.883424571,5.537347023,5.477137432,5.713745248,5.452830441,0.87355138,0.278064657,3.103863615,-5.248618785,12.67,0.87355138
2013M09,4.690559774,5.911611003,6.200873869,4.078840204,5.184010265,4.29466904,5.019070673,4.006379162,5.0045039,4.822823107,5.192456626,4.483758922,5.544099948,5.870582477,5.533437867,5.515869777,5.711916834,5.521021453,0.704259537,1.321794161,0.287562904,5.539358601,11.91,0.704259537
2013M10,4.692317046,5.844655937,6.211897996,4.081637252,5.194448955,4.303659866,5.019715681,4.006580625,5.0147677,4.822763054,5.193481417,4.491847948,5.451068785,5.892782232,5.760089176,5.499978868,5.707906194,5.496656221,0.56835507,-0.595358371,-2.258064516,1.657458564,11.33,0.56835507
2013M11,4.71003818,5.923763925,6.227435363,4.083266288,5.191884518,4.273021825,5.024838288,4.006944438,5.0267171,4.833833744,5.196704888,4.48904164,5.530005245,5.860288866,5.636189765,5.475430067,5.732340323,5.51193273,0.515405112,0.478923711,-1.182618262,-1.086956522,10.78,0.515405112
2013M12,4.688113943,5.902654976,6.249467198,4.078715818,5.171990355,4.295499738,5.022874036,4.006666895,5.0142588,4.823439952,5.198989589,4.478622172,5.244004662,5.85945976,5.598527842,5.433936851,5.706415405,5.52244116,0.501080575,0.23527367,2.75535764,16.48351648,10.86,0.501080575
2014M01,4.690293106,5.915245898,6.372034825,4.081993861,5.183301299,4.298956514,5.026061209,4.005691546,5.0059337,4.822289912,5.207421718,4.494786279,5.278703237,5.88112882,5.597339522,5.538086705,5.6965523,5.547845249,0.380350491,-1.740616754,-2.383531961,11.08490566,12.34,0.380350491
2014M02,4.70260801,5.748015242,6.23993909,4.087477446,5.162369249,4.275761032,5.039966026,4.00539643,5.0108962,4.828087591,5.222829527,4.499762264,5.0773304,5.839494123,5.588824308,5.556979526,5.70360956,5.528236082,-0.020697404,-5.126464118,0.721420644,27.38853503,15.51,-0.020697404
2014M03,4.701705161,5.905041048,6.231689418,4.08606514,5.173075391,4.276470699,5.049212021,4.005086429,4.9906377,4.829937683,5.250437359,4.496215891,5.15144449,5.795411752,5.58214295,5.526798169,5.696660977,5.59518031,0.462176986,-3.294720909,-1.303948577,-18.33333333,15.22,0.462176986
2014M04,4.708722037,5.942755404,6.254953649,4.08365188,5.182608162,4.280148152,5.046298313,4.004470896,5.0178101,4.833573075,5.235489431,4.50149581,5.066992934,5.8635445,5.582186203,5.540294339,5.704042441,5.523600725,0.848644864,-1.270353385,0.260513584,-4.897959184,14.37,0.848644864
2014M05,4.708882604,5.896740416,6.227984031,4.082254434,5.196691824,4.295460977,5.041849486,4.00781592,5.0413439,4.829210409,5.23105126,4.490709902,5.096950832,5.978432901,5.578694913,5.623475758,5.69933818,5.397347688,0.927871304,1.338295844,1.651818857,-1.716738197,12.74,0.927871304
2014M06,4.701541076,5.806629334,6.202974189,4.084479191,5.198858892,4.299153003,5.038070925,4.01428315,5.0002421,4.825808239,5.226262441,4.489980857,5.067616793,5.74326376,5.575699489,5.608697389,5.701456004,5.491635464,0.992747938,1.253083351,2.06317327,0.218340611,12.18,0.992747938
2014M07,4.707120634,5.958281584,6.232079106,4.084031903,5.214537443,4.269627695,5.037217925,4.019492097,5.0214353,4.824823021,5.225882247,4.495501977,5.119408902,5.642275688,5.582814686,5.631164409,5.698044142,5.495448089,0.980452425,-0.478731282,-4.499105546,-11.76470588,12.38,0.980452425
2014M08,4.699451473,5.860641645,6.084339052,4.082702559,5.200735252,4.272835872,5.036181843,4.021732604,5.032966,4.826898083,5.221904984,4.500143649,5.189686391,5.569498323,5.572269729,5.595637514,5.693199708,5.384709279,0.677412527,-0.201750098,-4.832818207,-3.456790123,13.37,0.677412527
2014M09,4.715456301,5.744000592,6.111882971,4.081527528,5.180133561,4.273936446,5.036860066,4.021001874,5.0092884,4.818627985,5.22991763,4.504157316,5.171954635,5.577769272,5.661625353,5.607603126,5.689586994,5.426539065,0.738213377,-2.989450744,-4.448381065,0.255754476,15.47,0.738213377
2014M10,4.717528222,5.791656891,6.097549275,4.088088223,5.168511394,4.268048577,5.038092064,4.018922331,5.0246633,4.818557715,5.232527111,4.50192007,5.207450963,5.514419877,5.649093597,5.667101592,5.689821641,5.262619591,0.787543423,-7.28315901,-9.949531363,-3.571428571,18.00,0.787543423
2014M11,4.705044389,5.668089677,5.996940507,4.084756715,5.144698745,4.269496052,5.042270423,4.016557629,5.0039714,4.814103954,5.244965352,4.497093536,5.225496043,5.490922445,5.646777743,5.550638203,5.670229655,5.198124417,0.808116792,-7.80965609,-9.138739563,8.994708995,21.97,0.808116792
2014M12,4.724206214,5.627341856,5.984406062,4.083732972,5.153244965,4.265612215,5.068907766,4.015243274,4.931403,4.813253541,5.292139562,4.503452084,5.184309824,5.461819019,5.645671784,5.585851092,5.682074213,5.100567144,1.044975965,-16.72984002,-21.52567976,-15.53398058,23.36,1.044975965
2015M01,4.702180193,5.559912874,5.809151139,4.099673376,5.151819414,4.258884176,4.979898707,4.013948972,4.9984436,4.765972858,5.168916695,4.495636668,5.485213101,5.351220949,5.63393581,5.76064716,5.669531448,4.972644636,2.178325822,-8.710207448,-23.38787295,-14.08045977,22.42,2.178325822
2015M02,4.694861793,5.55386757,5.813923795,4.09045669,5.193445701,4.266229968,4.962247848,4.011935437,4.989218,4.749270384,5.144451135,4.491120832,5.605447602,5.53821971,5.630570142,5.922398299,5.665503633,4.959525691,2.765412501,0.947632273,21.64991625,-4.013377926,19.21,2.765412501
2015M03,4.700035994,5.542725476,5.775550759,4.09108329,5.13654741,4.28524765,4.956697908,4.012308695,4.9732687,4.748674507,5.143515898,4.490936082,5.618188929,5.391683258,5.628642966,5.749770627,5.665856179,4.9396351,1.90001287,9.156039513,-3.803786575,-1.393728223,16.00,1.90001287
2015M04,4.700067362,5.517035359,5.726332938,4.090371805,5.134000292,4.27301497,4.945238348,4.014198617,4.9977066,4.73895535,5.126461328,4.482261942,5.695827328,5.410613188,5.635595299,5.680819575,,5.018963841,1.207918776,10.41236272,6.494900698,-7.77385159,13.46,1.207918776
2015M05,4.683433713,5.530105428,5.691438686,4.09736591,5.104951216,4.26406954,4.945874867,4.014430345,4.9728071,4.738004785,5.128435031,4.467506314,5.569139127,5.349677867,5.642248163,5.636810038,,5.031435125,0.738963448,1.825209186,7.661290323,9.195402299,13.28,0.738963448
2015M06,4.704951173,5.487875228,5.700669753,4.091509345,5.134306292,4.268733697,4.939859143,4.013522542,4.9727033,4.730739114,5.123032908,4.488005708,5.476801726,5.365063724,5.647999342,5.557167036,,5.016831664,0.553734407,-7.889198451,-4.057428215,-2.456140351,12.62,0.553734407
2015M07,4.716747847,5.44290106,5.69517532,4.096743545,5.105213499,4.290513245,4.936363366,4.013957007,4.9908648,4.7272722,5.120038304,4.486482957,5.572534108,5.362281344,5.632571774,5.565825345,,5.091182672,0.620125389,-3.361498934,-8.002602472,2.158273381,14.97,0.620125389
2015M08,4.719377692,5.363762534,5.667423426,4.094894473,5.098213423,4.274341138,4.934411075,4.016559253,4.9884016,4.721384124,5.121537363,4.481349292,5.529862816,5.281679095,5.646130822,5.499894434,,4.992177671,0.844836295,-9.422639087,-17.75106082,-2.464788732,14.53,0.844836295
2015M09,4.727728122,5.375207627,5.711534715,4.095467495,5.134062276,4.285644964,4.921884768,4.016836202,4.9589071,4.71516165,5.10491313,4.486633601,5.614867427,5.246903956,5.677679635,5.558484471,,4.924503457,0.869555065,-1.393262101,2.364574377,-3.971119134,13.56,0.869555065
2015M10,4.722149186,5.383129964,5.674311919,4.095369463,5.133900924,4.317026121,4.921820175,4.015447705,4.9628894,4.713358932,5.104640116,4.484908602,5.7732978,5.358541823,5.662329167,5.567206249,,4.922462916,0.769065561,3.411638016,1.700965981,-12.03007519,13.59,0.769065561
2015M11,4.718460351,5.314487445,5.687530826,4.094077077,5.13594713,4.306244774,4.917523234,4.012989632,4.9562825,4.709089333,5.100183712,4.47809671,5.7201973,5.268759852,5.634713855,5.567318577,,4.884592321,0.727377471,2.030104936,-8.589717117,-10.68376068,13.12,0.727377471
2015M12,4.75642269,5.359605715,5.665397571,4.096631337,5.133602569,4.307225132,4.925562077,4.008288973,4.9695753,4.713444905,5.108275408,4.481869614,5.547080746,5.272781558,5.642214079,5.534707414,,4.879938568,0.584508926,-6.72924582,-14.14050147,-7.655502392,13.33,0.584508926
2016M01,4.700276312,5.08060219,5.589647807,4.092268719,5.107523474,4.27149642,4.913863255,4.003577962,4.9340691,4.70577601,5.097307841,4.463096995,5.53468986,4.962467649,5.640675701,5.627483612,,4.608031903,0.457761712,-7.7063336,-19.23178111,18.13471503,13.79,0.457761712
2016M02,4.757729269,5.190965829,5.633631884,4.092610597,5.144380111,4.307755552,4.925464032,4.001966308,4.9446758,4.714549579,5.103727198,4.501574535,5.710475673,5.090466567,5.647259346,5.619725241,,4.772850244,0.476288751,-2.100977483,4.820846906,-12.71929825,13.42,0.476288751
2016M03,4.728490977,5.203770412,5.679620942,4.091430273,5.134425619,4.283184377,4.905350235,4.007189895,4.950039,4.694322958,5.091382814,4.484285597,5.739290848,5.15336497,5.646313542,5.57120335,,4.81337412,0.478726348,8.166923789,18.7383468,-13.06532663,13.56,0.478726348
2016M04,4.718870389,5.186151565,5.683350312,4.094053097,5.11648983,4.280328456,4.901342105,4.0122824,4.9418888,4.687731834,5.08887956,4.484913179,5.719029035,5.129574529,5.65259329,5.601755665,,4.990081499,0.545983969,1.206854362,8.819680712,10.98265896,13.35,0.545983969
2016M05,4.698156299,5.205406067,5.64875127,4.093027352,5.062230327,4.272330796,4.893202192,4.013459161,4.9216616,4.678616593,5.08158682,4.47904606,5.638743143,5.148242715,5.659626665,5.571093486,,4.85719883,0.530255914,0.87272047,12.40981241,0,12.94,0.530255914
2016M06,4.71681775,5.268543827,5.693383047,4.098472025,5.092846745,4.282400513,4.88953998,4.013370855,4.9213542,4.67670209,5.076006325,4.479766507,5.524949288,5.186307485,5.670593699,5.61599477,,4.893942815,0.51901979,0.750460283,3.23063757,34.89583333,11.74,0.51901979
2016M07,4.718770912,5.266466229,5.670874023,4.099651952,5.101929552,4.300748915,4.891999504,4.015519644,4.9197498,4.678256347,5.080125383,4.480227382,5.507970542,5.139925081,5.690757172,5.587686587,,4.846154451,0.570721576,2.903884689,-6.839378238,8.88030888,11.29,0.570721576
2016M08,4.720610027,5.280822048,5.786636442,4.099001345,5.098436672,4.300483703,4.890269771,4.017438457,4.903783,4.672138496,5.082338604,4.502163686,5.487555931,5.210830582,5.678263351,5.555533478,,4.944688862,0.558887752,1.600967941,1.979977753,0,11.02,0.558887752
2016M09,4.714752515,5.338843859,5.773332948,4.098861407,5.090655388,4.327535512,4.886785844,4.018890679,4.9248745,4.670921522,5.079574487,4.485699757,5.41784947,5.233294767,5.684240445,5.529202867,,4.935153636,0.473807192,0.785095951,1.592495637,6.028368794,11.50,0.473807192
2016M10,4.731187958,5.306624949,5.748946089,4.095903956,5.113350666,4.312318091,4.879940448,4.018600471,4.9094874,4.663243906,5.072535854,4.481137913,5.344124106,5.218966916,5.669770526,5.457352591,,4.980362447,0.473248196,2.435602326,6.33455014,-0.334448161,10.43,0.473248196
2016M11,4.747319733,5.36399197,5.753171946,4.099402744,5.117688233,4.331577987,4.878772826,4.017291375,4.9030196,4.666825706,5.067260368,4.496336317,5.29670696,5.256218362,5.678139774,5.52243196,,4.971120477,0.415753636,1.464839359,-9.672859451,-14.4295302,9.75,0.415753636
2016M12,4.744347023,5.433272591,5.773797374,4.103288756,5.105836675,4.340850436,4.878170214,4.017646185,4.906116,4.659234569,5.070521627,4.484938288,5.371388942,5.262346625,5.671936084,5.488400294,,5.031040544,0.385503568,6.860078367,19.18175721,40.78431373,9.41,0.385503568
2017M01,4.740840214,5.469573628,5.96247988,4.099398554,5.086691146,4.352162488,4.890297763,4.018510307,5.0137464,4.679189837,5.084178839,4.490532334,5.338687122,5.326064179,5.658122396,5.389988139,,5.175806129,0.304868958,3.361309372,2.382292253,-8.077994429,8.83,0.304868958
2017M02,4.737279881,5.450029837,5.828398911,4.09142801,5.087360155,4.348433452,4.896366128,4.015769037,4.895932,4.681135148,5.087595265,4.485349248,5.18567553,5.317587732,5.657442368,5.406699377,,5.158331149,0.227967877,0.916728374,0.531330158,-13.63636364,7.88,0.227967877
2017M03,4.745408954,5.497147338,5.867416207,4.096129452,5.083904419,4.346808811,4.902888802,4.012627188,4.8956575,4.686387126,5.09851916,4.488507239,5.203442405,5.356962972,5.664748156,5.449691826,,5.136122609,0.141094117,-0.665965652,-5.977765628,1.052631579,7.49,0.141094117
2017M04,4.738137157,5.367332181,5.872895836,4.09570355,5.074635592,4.350727314,4.902384278,4.011897522,4.8753147,4.688430328,5.095752937,4.482204221,5.28825792,5.316055385,5.667204222,5.462878497,,5.075873744,0.122129749,0.424192637,1.395619306,7.638888889,7.97,0.122129749
2017M05,4.744196923,5.45407932,5.959575301,4.092550029,5.040020203,4.366033581,4.904182457,4.013997032,4.9114906,4.687893649,5.099587777,4.490828681,5.24556184,5.413734302,5.669664566,5.56366474,,5.125853993,0.188715979,-3.136572655,-3.785127127,1.612903226,8.43,0.188715979
2017M06,4.750359511,5.477244019,5.959686622,4.093756265,5.092305671,4.370636408,4.903378693,4.016592611,4.9117039,4.681450984,5.102578012,4.487457622,5.255997037,5.467221925,5.672245446,5.567974271,,5.09129276,0.19957718,-2.940483837,-7.868070733,-5.396825397,9.03,0.19957718
2017M07,4.734790454,5.376253228,5.935855836,4.092411403,5.098174324,4.35871149,4.904765853,4.015844737,4.8909928,4.690106873,5.0993345,4.491285544,5.215047912,5.361870689,5.678853926,5.531363057,,5.098788551,0.360295869,-3.697015307,4.550355834,0,8.05,0.360295869
2017M08,4.749345695,5.518576391,5.972291095,4.093894986,5.103713852,4.375337186,4.905670212,4.015991436,4.9057774,4.695326945,5.096666824,4.495317225,5.23327589,5.413394565,5.73573968,5.648921226,,5.103854989,0.315950842,2.025599739,6.641914191,-2.684563758,7.51,0.315950842
2017M09,4.75462149,5.528273163,5.907407694,4.097194548,5.095546074,4.359792437,4.91352651,4.01801482,4.9165855,4.710043892,5.101494194,4.491981696,5.09964105,5.461007949,5.761237361,5.531261937,,5.153188215,0.257110714,2.372835764,8.607350097,2.75862069,7.32,0.257110714
2017M10,4.743684063,5.539796409,5.919944383,4.098843709,5.081429583,4.379258729,4.914073607,4.021604649,4.900185,4.703288547,5.104797594,4.493506617,5.073636909,5.462011394,5.636679127,5.591348835,,5.145122025,0.182129746,-1.030598861,2.422083704,-3.355704698,7.29,0.182129746
2017M11,4.74186005,5.58378337,5.976008594,4.09783632,5.093909693,4.332296659,4.913518923,4.025333505,4.9079478,4.700590341,5.105832487,4.493332569,5.034957918,5.477552142,5.689844004,5.520674096,,5.206553479,0.164715649,-0.127348116,9.041905756,4.513888889,7.33,0.164715649
2017M12,4.746783301,5.602575231,5.993741437,4.099275366,5.108223501,4.347610922,4.913846013,4.024344963,4.9043102,4.699273008,5.103707984,4.497286536,4.916109239,5.53027868,5.705243978,5.557971559,,5.216296882,0.183041148,0.209839505,2.647105725,-6.312292359,7.06,0.183041148
2018M01,4.76292372,5.742828487,6.169369977,4.099732298,5.089828846,4.366411244,4.920073346,4.021281268,4.9259226,4.701180506,5.122929892,4.520082288,4.807580228,5.53156146,5.693706628,5.556415913,,5.335190694,0.23276716,0.777868223,7.317073171,37.23404255,6.56,0.23276716
2018M02,4.764922455,5.658261912,6.05802821,4.099384459,5.086532623,4.368452935,4.918399286,4.019223413,4.9264498,4.700738985,5.114206407,4.503657059,4.809041301,5.588851908,5.692778485,5.692808711,,5.278089455,0.052502477,-1.462606658,-5.442964679,-31.00775194,7.05,0.052502477
2018M03,4.765509324,5.648374441,6.014321685,4.101053333,4.982989447,4.391772463,4.923235279,4.020691942,4.9284143,4.706112449,5.121098648,4.507818431,4.770816459,5.536597603,5.696882874,5.55240703,,5.253701087,0.252898893,-1.820377655,1.071647275,0.74906367,8.56,0.252898893
2018M04,4.774805028,5.698514454,6.011062587,4.100508243,5.096304111,4.400285035,4.928803974,4.02290994,4.9251239,4.709023987,5.129256445,4.520567179,4.818707582,5.53696288,5.697419969,5.519239017,,5.20524,0.388891511,-6.80832523,9.224477431,4.089219331,9.71,0.388891511
2018M05,4.778779366,5.713709587,6.041726095,4.097778232,5.113217419,4.397381267,4.928991163,4.023435482,4.9130551,4.710223244,5.128710633,4.520922697,4.823885298,5.539341199,5.697574391,5.368318052,,5.18528396,0.422640811,0.756043702,6.753570933,0,10.02,0.422640811
2018M06,4.767526744,5.678451359,5.978018458,4.095993503,5.106732634,4.392171571,4.933007124,4.023087999,4.9147665,4.713964668,5.132657937,4.525118346,4.856920768,5.529538744,5.690537657,5.397750215,,5.149997495,0.52950871,0.814923453,-3.338529488,6.071428571,10.77,0.52950871
2018M07,4.767495089,5.705266696,5.961126672,4.095158739,5.111474681,4.399106087,4.931139729,4.023549409,4.916193,4.708959892,5.134398267,4.522904008,4.802050737,5.577839707,5.693710548,5.445727302,,5.164173775,0.34960767,1.660959148,-0.215024862,-4.713804714,11.09,0.34960767
2018M08,4.763252092,5.774447601,5.92962869,4.097733472,5.114302462,4.397647212,4.932789428,4.020754389,4.9059367,4.708714651,5.137920765,4.519423166,4.715758737,5.583522502,5.619149508,5.440235958,,5.142823381,-0.1581829,-0.966607763,-2.316498316,4.593639576,12.42,-0.1581829
2018M09,4.761899736,5.763594833,5.875296307,4.097735629,5.118619586,4.380504631,4.932975863,4.016149462,4.9011679,4.709433801,5.140934416,4.516787207,4.785840202,5.540025226,5.707851749,5.463961816,,5.094283042,0.256964814,-2.092710323,8.76878533,1.351351351,13.04,0.256964814
2018M10,,5.810885805,5.925213617,,5.126765987,,4.932710721,,4.9138535,4.708323108,5.138345793,4.522653333,,5.585119639,5.738558825,5.446019145,,5.104394785,0.394470792,0,2.71263785,9.333333333,13.92,0.394470792
