,0,1,2,3,4,5,6,7,8,9,10,11,12,13,14,15,16,17,18,19,20,21,22,23,24,25,26,27,28,29,30,31,32,33,34,35,36,37,38,39,40,41,42,43,44,45,46,47,48,49,50,51,52,53,54,55,56,57,58,59,60,61,62,63,64,65,66,67,68,69,70,71,72,73,74,75,76,77,78,79,80,81,82,83,84,85,86,87,88,89,90,91,92,93,94,95,96,97,98,99
0,-0.0646216962907,2.25088170802,2.45334867333,1.91970952562,1.46318474796,1.32897211617,-0.0755412178298,2.01374947018,2.06607153795,1.62764875461,1.87309355768,1.20812820542,0.396864130776,-1.26309950147,3.10485886393,2.94444327068,4.5870769827,1.89095867651,2.37112473197,2.70336254458,3.71922726087,3.5324824592,3.70139310787,3.10647267221,2.18063684354,2.07675224776,1.57843281228,2.90632434803,3.915061399,3.39339951239,1.97187711379,1.31615119352,0.241337514852,0.449518865239,0.749590449932,1.08556890623,0.182677389163,-2.26780562958,1.35677171662,2.18718057124,2.78270049879,3.79181953458,3.43683013868,2.05027017693,1.88427644795,0.213379738977,0.971840850935,1.11356339027,4.88905539062,4.56680699626,3.27442781148,2.49935406226,4.14548476754,4.20511040739,1.98983474494,1.91358598317,-0.583714451795,2.85556250114,4.86206769148,5.59904334651,4.48483993977,3.92434244439,1.9985548512,0.842424591586,1.91158894832,5.02093130523,5.00348773283,5.83929160656,2.22218661189,2.05536360623,1.84449575833,3.22976136903,4.94431771545,4.13762509365,1.38491306845,0.888645043439,0.0783149971876,2.52656528122,1.15863243215,3.94790969263,1.92225087078,-0.591467539382,0.795933786187,2.41304046195,1.59548502333,0.342341273786,-1.04505075367,-1.02859014812,-1.03793268346,-1.05301799549,-0.31779438359,0.183407912186,-1.41718629669,-1.5012475006,-2.06833279703,-2.72868187108,-0.730511711216,1.62959881005,0.684884450286,1.56328442859
1,-0.198458009115,-0.251176983963,-0.790237803065,-0.703816870599,0.0670577071911,0.0830943663673,0.137462498782,-0.431744964035,-0.721699685128,-0.986326918512,-0.336467199904,-0.0210454787643,0.297481025239,0.673124692204,-1.32293645358,-0.186830246425,0.00548410479488,0.0230392196249,0.5911891496,-0.144402191154,-1.11758570635,-0.866966804891,-1.69320495833,-1.0429949076,-0.311139071435,-0.360666765977,-0.426823536496,-1.38430479663,-1.16073099061,-1.20049791994,-0.229964295095,-0.273312873349,-0.267397958852,-0.14519992283,-0.189225169245,-0.48694003242,-0.400207334796,0.276224602774,-0.864256529318,-1.21986870921,-0.58187377217,-0.816921192549,-0.452449107149,-0.677428569031,0.166526393515,0.200307817412,0.36429759277,0.318772988353,-1.90080981942,-0.679617462063,-0.511693102331,-0.0361633458622,-0.992812544269,-1.31964056299,-0.132661598385,-0.898328821811,0.416420816569,-1.15330851255,-1.48349384305,-1.30531969271,-1.28290414193,-0.625371416725,-0.107563516718,-0.0559353049638,-0.436793317669,-1.06073095129,-0.812482693142,-2.10677387799,0.110106404786,-0.256169750053,-1.18396189725,-1.07720603223,-1.68829339409,-1.60976344781,-0.711793558391,0.122848098,-0.132423295921,-1.30175851708,-0.78188515863,-1.46042837847,-1.67903430668,0.241739381395,0.166016456984,-0.765127821297,-0.57498694419,-0.00167518747638,0.417832589957,0.0981833017882,0.273257111957,0.276630733472,0.0463352079597,-0.817933895035,0.0516474531955,0.324206818127,0.414685579756,0.724096654159,0.397354141928,0.0165492772516,-0.774797449513,-0.741497847989
2,-0.628509849633,0.162779262307,-0.33658079302,0.135316086047,-0.0258909168474,0.397253462399,-0.184132806332,0.604486193932,-0.301356788619,0.302849283583,0.0978336051738,-0.258870384745,-0.303257487591,-0.022937370106,-0.312716061235,-0.136270086156,0.983825755525,0.439717563455,0.588643720764,-0.000582430689778,-0.55271801181,0.669852348349,-0.236532679436,0.483053354998,0.405451456595,0.0707566133377,0.455813618377,0.31151968046,0.34195512746,0.0705171099169,-0.51422988802,-0.0822599837093,-0.352989149339,-0.328013087459,0.484030862835,-0.235711790817,-0.726615308123,-0.602299576499,0.078570234168,-0.578440284118,0.149528524543,0.0385848769183,-0.0101778188602,-0.384053764675,0.64016550872,-0.646201345497,-0.348875054807,0.124150471066,0.307295126386,0.458611351623,0.057827016617,-0.162692825277,-0.00515928968701,0.293344741598,1.01766654601,-0.0373418429031,-0.369031780548,0.112194051089,0.63042094543,0.630316663033,-0.333390738752,0.32875068656,0.51149133784,-0.4660454112,-0.107746785803,-0.182247974055,0.658035244167,0.93511493062,-0.379924063803,-0.241084833794,-0.0799241217246,-0.0554904646914,0.606675029563,0.815172989084,-0.112906384268,-0.138261328852,-0.494016805426,0.0485576138035,-0.387430775212,0.962855862453,-0.181369961415,0.143839450027,0.0978132067191,-0.197448084571,-0.0494450343782,-0.283988135697,0.447888470929,-0.201450278171,-0.608547133241,-0.543310290349,0.139698919176,-0.150874928821,-0.42523824192,-0.442465397841,-1.22260735371,-0.20064139135,-0.40773071372,-0.211316973015,-0.0156249023866,-0.212636837291
3,-0.930882506627,0.163017680417,0.666496279107,0.515197958587,0.525245042866,0.405527519445,0.193300057889,0.790873984941,0.938736115564,0.424089057481,-0.223836620138,0.300133645617,-0.146955567393,0.708147493045,-0.199238723967,1.51098286445,2.40255667662,1.44840839266,0.991979367169,1.81403136903,1.09469876208,1.24054338898,-0.227959082363,0.651388103938,0.712858961622,-0.198194572373,0.845975763417,0.839411359379,1.54384009244,0.429589535912,0.129965601946,0.354625129759,-0.286249328104,-0.0372316009409,0.319512387242,0.868807000621,-0.487177686586,-0.495118090692,0.420072536337,0.217503350953,0.514027479392,0.769936782734,0.56299409716,0.978640093693,0.966693999424,0.26097496474,0.449421095836,1.10466893114,1.0194992232,1.68366289247,1.19215530515,0.628471502762,1.21941591989,0.765444323495,1.45420699846,0.0958704664513,-0.52735165938,0.87670458394,0.885379427271,1.03163213291,1.21914572552,0.294634875633,0.699730993746,0.152614500712,0.216171312345,1.27729191135,1.49277676415,1.20157384708,0.817516794473,0.575321490433,-0.42483402579,0.423738370863,1.36456010112,0.6451586568,0.553587443987,-0.230165144059,-0.729306956911,-0.0486294918276,-0.880073913504,0.212399859244,-0.334341917029,0.861669511698,0.545544454157,-0.0130906150574,-0.321573013842,0.102989152515,-0.0199941710047,-0.0323757744819,-0.602766326384,-0.243836033646,-0.485166634636,0.216604415629,-0.178952014986,0.540139927446,-0.930577774644,-1.52093247249,-0.137402310059,0.0602846605356,-0.303385306982,-0.197907897631
4,-0.696260542444,-1.11147451568,-0.959356761334,0.0461693040511,-0.424356665865,-0.185949767996,0.503511196497,0.644907430017,2.6079437511,3.13440564513,-0.341422876216,0.49006671443,-1.84068228379,-1.23313609435,0.176811767482,-1.2536420271,-2.77718049932,-2.17882054895,-3.10751137276,-2.67805653789,-1.94221239163,0.440279630838,0.768497827339,0.710581351385,0.590857633514,-0.358286770479,0.809938221684,2.09238628532,2.6158445985,1.57737138787,-0.4508042068,-0.160305872476,-0.399823226341,0.366903060026,-0.295341184256,-0.497228725102,0.295650299125,-0.826793936202,-1.68842441501,-0.721190480514,-0.54378013742,-1.58495341586,-2.88517906466,-2.32820901798,-0.570754299139,-0.58424524881,-1.65954656724,-0.229967494036,1.47838784208,0.0416591850798,-0.868128868166,-1.24665223695,-0.101578522638,0.612387104423,1.31431526679,1.67086668788,-1.16306495534,1.6308319857,0.537034274248,0.482975003222,0.638793309779,0.605024067831,-1.01529956677,-1.12001430733,-1.5849740696,-1.67577787819,-0.391006334573,0.209157967915,-0.72240055761,-1.72574829227,-0.234100899778,0.787850073705,2.58505827811,0.918140374175,-0.101918718175,-1.17634708822,-1.0243897438,1.93404416364,1.40766646086,2.22480317572,2.78834774858,1.83290387225,0.602201804752,0.628903184901,2.06030756686,1.50316456104,1.36660705312,0.802804650375,-0.0365070348567,-1.50482958444,0.902742969562,0.422897586904,1.02172802213,0.0161671409024,-0.767536249776,0.29406917868,0.607779287898,0.112010400586,2.22531892449,0.0720574121788
5,-2.10129671669,-1.08047907793,-0.261053033649,0.0893477537719,-0.752249247223,-0.18779867359,-0.734674973343,0.356602300724,0.811901305624,0.983987253333,-0.582885313187,-0.937231192234,-2.45224989547,-2.23476974847,0.3910133867,-0.526391854865,0.175834212103,-1.10411995899,-0.940381378121,-2.14349563732,-0.771968971458,1.36007013366,0.370322386041,0.414033855538,-0.468377439597,-0.450255494104,0.546683104784,1.60621732702,1.96615814484,1.08678743809,-1.2868447115,-0.626666964702,-1.5980309211,-0.744588565096,-0.602257982791,-0.5816830077,-1.7591454799,-2.93699602706,-1.38590518194,-1.40171735744,-0.532485626096,0.0278456626163,-1.24475650427,-1.38444834781,-0.726879946539,-1.57385194974,-1.06539833993,-1.40553159439,1.77666208445,1.12960291831,0.257761757742,-1.02289881327,0.138203655755,0.695647338745,1.24905764896,0.639763670074,-1.79720310174,0.63574350107,1.23102379669,1.26560017691,0.473647698286,0.757096465885,-0.594719105591,-1.72095902087,-1.12020475329,-0.228815555972,0.533829883594,1.37262727632,-1.30497886867,-1.1369724497,-0.795537360087,0.509546217613,2.04631195444,1.14757272838,-0.759838725891,-1.71872802575,-1.95820580665,0.59923729868,-0.191535848657,0.585346397666,1.02648066034,-0.124380010249,0.151664867909,-0.0627399416608,0.0534847134283,0.602081052641,-0.48955849144,-1.77967488036,-1.75915071737,-2.99755574312,-0.883037191971,-0.833844311156,-1.4639523742,-1.2260580845,-2.76039727354,-2.86607430768,-1.15125719877,-0.31699784696,0.0854099786433,-0.0178644049629
6,-1.83968857997,-1.4789154396,-0.621716102016,-0.418458724679,-0.830017342311,-0.16963872988,-1.00102187218,-0.790995003239,-0.23985007026,0.0945792723297,-0.449345084623,-0.989127811501,-1.41898560731,-1.54162170384,-0.32729601138,-0.5520956201,-0.698092101423,-1.31124544853,-1.07678970029,-0.757654380578,-0.469078648525,-0.156756490567,-0.568018541659,-0.0936412885561,-0.404614495798,-0.605615662551,-0.247679855726,-0.067163788513,0.184642333263,-0.429472589141,-1.28200419682,-0.475006787448,-1.52029147794,-0.774022711348,-0.713717238675,-0.868910007394,-0.52963024031,-1.45589560438,-1.22213569232,-1.24597186718,-0.728275075557,-0.961135010218,-1.4031719743,-1.07927640836,-1.26594191154,-1.24076747374,-1.39227937846,-0.636690329752,0.452917481915,-0.218078689992,-0.834775806272,-1.1026890646,-0.218768245529,-0.653908263879,-0.515671529739,-0.329383158417,-1.57636626165,0.441794929811,0.117115916427,0.0341761961433,0.166569227605,-0.122461170947,-1.22942588391,-1.45778191199,-0.993988584101,-0.196463683773,-0.133602132067,-0.0200612285839,-0.836237092649,-1.37419022564,-0.932907134192,-0.442781552925,0.221078408693,0.237411144061,-0.714531564625,-1.09966047765,-1.67869784894,-0.436324623846,-1.3153054039,-0.411459282305,0.0472730736227,-0.549256022575,-0.398740656734,-0.332193022868,0.0257942784718,-0.482998804906,-1.12946106531,-1.29364741999,-1.00293345505,-1.38932133294,-1.13560766125,-0.471464276739,-1.30793135895,-1.19232596333,-2.22909486239,-1.61652481834,-0.840952121875,-0.798622055529,-0.21456194042,-0.0984263745438
7,0.221578280318,1.07083935243,0.842706617908,0.38265744615,0.965565485234,-0.288223418469,-1.12087616402,0.103148168381,-0.248522105204,-0.746882182352,0.887184415614,-0.608891996475,0.0705592064129,-1.17803990658,0.715852891183,0.801354280202,2.45015718871,1.69032810685,1.73175856981,2.23667989296,3.01104980094,1.48392250617,2.35287233966,-0.181753912646,0.00719089443881,0.984000608222,-0.619983470196,-0.454898251329,0.489377891393,0.514897767694,-0.292396162161,0.0834786770623,0.376005772317,-0.0749651358516,-0.132329483562,-0.273795108134,-0.556286647203,-1.3341294949,1.20054150057,1.87813678122,2.55176649857,2.80828838752,2.81399384957,1.83127047933,0.15121045294,-0.797539256032,0.608625947111,0.398537835219,1.08745276706,1.64066975696,1.66531881902,1.55255550752,1.99699358018,2.57008437221,-0.0444827653785,-0.67147060434,0.201760970436,0.0228967177171,2.39596351137,1.71426606656,2.26905354041,1.40350064174,0.467958381199,0.973001891844,2.07285212002,3.82112330639,2.56256367598,3.06851124618,1.2784775371,1.9044904451,1.83110404709,2.06227821234,1.54168226855,1.39687827614,0.253208297557,1.1188576024,0.303790998692,0.706029543595,0.854781159118,0.678273192884,-0.179622728364,-1.48160414409,-0.42520649116,0.856847954896,-1.25346250857,-1.45386915671,-1.80492393099,-1.94013342705,-1.03663835763,-0.377623945185,-1.25441741296,-1.11188959535,-2.55822541789,-2.51309438317,-2.03564104807,-2.16253829614,-1.8008155495,0.179830387393,-0.517093004159,0.20109241706
8,1.19792487899,2.47240149374,1.74823188382,2.01424094153,2.00374593538,1.14643972786,0.36211100407,1.9528294747,2.23024583511,1.54012690589,1.80667796193,1.62263870865,0.867710085891,0.123308217085,2.01976451318,1.4314179486,1.88679809041,1.26662783436,1.68563215053,1.13995095898,2.39831121585,3.3784352792,3.58760639276,2.21782082641,1.66437708104,2.33142944724,1.08526930504,2.10617095235,2.82488517664,2.04942937639,1.45527529958,1.76047466339,1.8640598719,1.74099461805,1.49407839809,1.20250806303,0.99550654252,-0.018892522225,2.11464691304,2.97017720945,2.92158360932,3.1376586011,3.05828073948,2.02374377662,1.54884747517,0.689301991393,1.12809468736,1.27975079764,2.96703867509,2.58399356395,1.61534454112,1.95049587109,3.26797533353,4.35136809667,0.997517088305,1.1451270019,1.06064730158,2.58360015412,3.43103684029,4.06351871588,3.22346416785,2.87888235167,1.4507275232,1.81977508591,2.08703586459,4.11101134212,2.87473157401,3.60363798506,1.99925246152,2.36779651434,2.69734429971,3.46502807588,3.88426930318,2.65247293732,1.74140735772,1.84954602962,2.23361626781,2.17689524303,2.45724841752,3.16854902301,2.57579960238,-0.0586890880683,1.04249696764,1.996597677,1.00802122003,0.422825162715,0.19694299515,0.456822600028,0.50224983656,0.618797347568,0.560861155548,0.363598197428,-0.0462643629541,-0.419223066654,0.0675436230431,-0.743642929814,-0.369866266882,1.70060216593,1.68355511439,1.95256705169
9,-1.09845826601,-0.422951459353,-0.00158847611616,1.00246858459,-0.218877695746,0.626497337084,0.129218382124,1.19015529229,2.80492286365,2.26371717413,0.306660982636,0.104914077043,-1.54212198079,-1.44394343475,0.45030043446,0.0419889593114,0.081785536973,-0.940788700287,-0.167498855777,-1.3458210057,-0.354463868921,2.67228895738,2.04085051494,1.94935092062,1.44786655432,0.540243659448,1.84130621239,3.82488284826,3.56495903463,2.96760396256,0.543963247242,0.556350688034,-1.29622579401,0.487898452633,-0.109619907195,0.428999304397,0.134690287099,-1.83077839703,-0.373603671276,-0.529939405309,0.180056081733,0.828312479676,-1.70349017583,-0.840586787102,0.651121468643,-0.369344210817,-0.953977022492,-0.207154199921,3.22411274498,2.41619761807,0.73577584319,-1.11117577831,1.58645300109,2.11922826574,1.64181937473,1.86326795275,-0.62175225545,2.38286317229,2.47518969178,2.99269229766,1.93164650483,1.59093416107,0.135806258528,-0.520502879011,-1.16656193924,0.179181141353,1.80287323348,2.40083345986,0.0966639177353,-0.530764464165,0.743610030154,1.80943406959,4.00565694426,2.16715719906,0.115383399093,-1.25464185445,-0.594132185909,1.76008113782,0.440734920711,3.29026065944,3.13407423093,0.481988978298,1.22196811392,1.5684831927,1.92568202977,2.10326372059,0.515563556184,0.0406078541593,-0.48560201875,-2.24580991349,0.939540970555,0.96469675865,-0.271414524467,-0.962959111665,-1.24966666673,-1.49915445934,0.310006149857,0.619187552664,1.68080126242,0.983427466486
10,-0.193582018808,-1.0330132684,-0.521025709779,0.975341781555,0.690090809932,0.87881661371,1.57321715393,1.13818518228,3.97194701341,4.31496454275,0.571141787609,1.90909010516,-1.4998423059,-0.389113771488,0.0315538093492,-1.04222099268,-2.94245242515,-2.5017990028,-2.44805895646,-4.07315845036,-2.09829591757,2.21031452329,1.77116585706,1.86779930582,0.699497963854,-0.204665665486,2.44780661711,3.8559155592,3.37682988697,2.48594442742,1.24080947835,1.03443751594,-0.149126613882,1.70851247314,0.333014061768,0.659590446851,1.67112678839,0.37663786388,-0.798057858655,-0.407704433942,-0.97424160978,-1.21207086557,-3.75396863036,-1.72119598778,-0.149558180249,0.55652356741,-1.9105324873,-0.650355275293,2.3985944692,0.896509531068,-1.27387412483,-1.28618228428,0.678066880065,0.368034682879,1.74434385025,3.60341815603,-1.000473218,2.31568131261,1.40545837934,1.62660609811,0.49870394116,1.16689081486,-0.0864076888869,-1.02727493805,-1.76736635364,-2.2371100823,-0.838969895719,0.0622087165879,-1.31257951812,-1.71247217511,0.212590897758,1.20940405041,4.33094619377,1.7751303958,0.309743412862,-0.769315675636,-0.0659826851272,2.9565386358,1.74018004538,3.80104545298,4.50223771804,3.02941514572,2.458225546,0.53433250168,3.35392802969,3.99169163081,1.8093378815,2.54132761501,0.474442166047,0.0497125067115,1.98284933881,1.83103712514,2.76053823789,1.32323511539,0.288794423556,1.9875269445,2.4960155895,1.34417034291,3.78953002944,1.54950098079
11,-0.571882307191,-0.451860178925,-0.12898632825,-0.920781509388,-0.907019904446,-0.861502979745,-0.642443143348,-0.872707640413,-2.17182398725,-2.08880274072,-0.527346880355,-1.03164029016,0.830656882449,0.127487676203,-0.806039581443,0.550615576865,1.94691020074,1.17758788741,1.58553831618,2.23496484662,-0.0602441875075,-0.863045812283,-1.52558009939,-1.12749608843,-0.731329051214,-1.11589962193,-1.48679862558,-1.83533108118,-1.49684491005,-1.85885046226,-0.715678279811,-0.417881392315,-0.270728567167,-0.847731976873,-0.0922961102226,0.0542514588741,-0.658987486349,-0.254620857234,-0.229860669752,-0.508524409077,-0.585477074869,0.357323984604,1.41669703704,0.218891266008,-0.0880278053953,-0.31141913047,0.698791865766,0.081809719059,-1.21648663925,-0.561798703004,0.24182932245,0.328187185321,-1.01465481221,-1.37515802142,-0.201067566053,-1.60947729553,-0.308751083804,-1.18385805828,-1.5755880308,-1.10160595352,-0.816352951481,-0.996832459295,0.166669511528,0.498089265525,0.434077954386,0.585616423714,-0.0183561738962,-0.719351679162,0.20336671738,0.588774821201,-0.669842180961,-1.97411790038,-2.09938447418,-1.25592396494,-0.529057169322,-0.231146011933,-0.851663417364,-2.17473478187,-1.65173357096,-1.88392718619,-2.87332000237,-1.21254205378,-0.791048820727,-0.981256321094,-1.95623494896,-1.76632326811,-0.873693852382,-1.52619833858,-0.532327780499,0.411446733072,-1.08124775384,-1.44248352602,-1.01857359072,-0.015662712638,-0.639219113873,-1.02674509586,-1.45026651091,-0.927445723119,-2.57263534702,-1.24489612477
12,0.554763326822,0.220568726975,0.522391250229,1.24961352809,0.893929099801,0.675729548388,-0.727569605634,0.793562601976,1.78877104604,0.856640372388,1.29720244755,0.775559152942,-0.30095239823,-1.38733829703,0.48782049013,-0.445299211751,-0.855000876797,-0.54784116432,-0.162153594588,-1.22503238882,1.12924915438,1.91830957675,1.78477346972,0.903897775183,-0.558107572209,0.868547106212,-0.359932570865,1.6486842978,2.35160302978,1.99957659564,0.390284141019,0.364522915461,0.807122322465,0.663741385259,0.126484564404,0.135218129958,0.694599272289,-0.674868546895,1.13997783167,1.75034519431,1.48167212044,1.67746534045,0.684728967017,0.17363829976,0.27457344223,-1.04352733368,-0.190677482591,-0.479767655912,1.71982682546,1.06623572336,0.247476193862,0.341157008053,1.94982452528,2.34952371438,-0.205876374553,1.42451626906,-0.122650278294,1.15993688704,2.91271028411,2.37069715746,2.22111358087,1.63881934885,0.336479081007,0.702702162849,0.499957686897,2.18594056104,1.99492019737,2.33333963923,0.597877260693,-0.0492674810942,2.43349568147,1.99004643514,3.02149807279,1.69019174956,0.879029031103,0.784366251682,0.611939113753,2.78093219777,2.4798982221,2.72464283018,2.42113801482,-0.425420720585,0.709699013686,1.70433114518,1.22085313425,0.930928846661,-0.202614686997,-0.273042976253,0.0622588245515,0.107220384131,0.42978109784,0.340484313576,-0.48666250417,-1.4129428994,-0.501497495644,-0.796074984986,0.0968069691836,0.032790641541,1.84227913101,1.31858959911
13,0.0801558678755,1.59153731596,1.92824394737,0.653600488123,0.697944650816,1.31604347192,0.528789652422,1.25635158176,0.540605113151,0.261540630776,1.58741682671,0.449778655234,-0.0689177951543,-0.222613816169,1.34973558426,2.20286660398,3.35999284005,2.27781768537,2.12090498588,2.0916624518,2.90350235362,1.96845412172,2.08886024657,1.72325447074,1.71327297633,1.2369568729,0.510360513698,1.42522616585,2.49396906042,1.03402047206,0.776105830615,0.729470178766,0.0815931872146,0.0784201842091,0.502345096376,1.01113973766,-0.807118668495,-0.800113169506,1.21491914248,1.37370004827,2.00632527089,2.16981336046,2.74647516779,1.55259471811,1.19126723055,0.441274456648,1.16892753897,1.02124265691,2.15980868721,2.47809339165,2.58072637751,1.51530042548,2.79037047032,2.97476567853,1.2179301774,0.355627430086,-0.117161689489,1.27666457828,2.5688006898,2.53423473146,2.91209946737,2.04045760391,0.55199050152,0.314798457072,1.23838261207,2.90675728449,2.67056034079,3.17295662304,1.46700717121,1.47793357396,1.31907336449,1.72276485613,1.98692469158,2.86059486992,0.740746269959,-0.255054916552,-0.487881262697,0.558284664013,-0.461576133831,1.38000511674,0.275535159267,-0.630241258007,0.482571178269,1.05092201595,0.323617223975,-0.175477568497,-0.453673991024,-1.09033308958,8.05567760727e-05,-0.280549968171,0.102552283172,-0.12724440515,-1.72764964494,-0.608809168978,-0.913572094939,-1.91946086633,-0.700288049853,0.767663730701,-0.037121330395,0.871869870852
14,1.00571316032,0.449911464474,0.375562128509,0.399646160621,0.515840355802,0.832045921502,0.688724948084,0.546144758737,1.52927582666,1.00268867891,0.849104408867,1.26839385721,1.10282709699,0.731122190636,0.464714353435,-0.215137753389,-0.293871965645,-0.117191361245,-0.160002089939,-0.571425984812,-0.0240888061622,0.321536598288,0.73165220046,0.374943600307,0.449464472856,0.66485277821,1.09267200636,0.838920005962,0.471128487178,0.619858897509,0.464863287717,0.830987480285,1.19990895471,0.981595849135,0.647146208044,0.815676419959,0.990612095231,1.12556257546,0.503149327736,0.720172859407,0.493968833643,-0.384541443401,-0.166620543075,0.50664630724,0.935679401223,0.763731788113,0.109472808761,0.906737861591,0.239954607404,0.125442866672,-0.0745676340351,0.59256883181,0.00961815393442,0.160158634117,0.186181511398,0.357873740035,1.72481774731,0.699817373922,0.509814136543,-0.0270334076438,0.799093183672,0.54986909915,0.132078775265,0.425408755207,0.540407432514,-0.345722632358,-0.225536741096,0.0793610211244,0.416416646456,-0.319890169639,0.536832137166,0.733217220273,0.352973089399,0.236105199853,1.24980160382,1.04398389765,1.3128040861,1.06085363996,1.96298465837,1.21800103228,1.3137403755,1.41659288757,1.29282753308,0.585243199346,1.16177156655,1.18396868481,1.11621496424,1.40935162239,1.03065542947,1.1658667603,0.7274285994,1.4315856235,1.37372292368,1.20497668989,1.53413528294,1.41101202995,1.49392212642,0.912804455738,1.34474131817,0.713947361401
15,2.6443057433,1.55042093753,0.477340522753,0.741653815484,1.20037374409,0.454230725895,0.697807468657,0.329136358886,0.634580220628,0.255548701766,0.947862748976,1.06665857145,1.53894648005,1.45099710943,-0.0366447421195,-0.891316300283,-1.65197616812,0.00888269561149,0.471007819929,-0.433660420654,-0.376683171924,0.0447386720074,0.80800924305,-0.571657793371,0.237939819688,1.4098837063,-0.0381249082076,-1.20679701322,-1.47328865531,-0.560448456059,0.921394654846,1.4122436782,2.31361010137,1.5474098395,0.724007647274,0.529534191862,1.37922158441,2.15526878977,1.6031015132,1.47454186857,0.649902215825,0.545138974316,0.984334223646,0.955883333132,0.133536370027,0.982583354408,0.836012745775,0.885389506419,-1.72930111915,-1.48389147799,-1.12377873175,0.783250549694,0.0978357902486,0.0909840888246,-0.752499286343,0.487701988158,1.94834569007,-0.0952555121873,0.174225889364,-0.859163816178,0.578939057775,-0.535007865725,0.163505939981,1.35981710412,1.04131542068,0.453055182426,-1.00819859478,-0.855407704527,0.0651743563165,0.462723931752,1.60189452394,0.415138825589,-0.773165549192,-0.728226850262,1.34949419141,2.19697914806,3.20857291153,1.06843349377,1.89750729351,-0.132486775135,0.546294177101,0.479212624916,0.0811713523647,0.619483909697,0.731526121369,0.901481641899,1.6055999828,1.56732078017,1.72664540773,2.89689118094,0.969562249315,0.826589546238,1.90434209723,0.965274903185,2.72657964366,3.00598362576,1.92302010391,0.27025451229,1.21749172251,0.64537958508
16,2.13015739512,2.08443863346,1.19174591076,1.17828712889,1.44088690185,-0.61025050815,-0.904271907594,0.800756539504,1.97289205301,0.704112000381,1.1464769503,0.916205585939,0.8510442507,-1.88741363013,1.00812133172,-0.494603656343,-1.44487350537,0.118104000835,0.31252266257,-0.75109279836,2.53628908213,1.70439566826,4.07592345834,0.950906471691,0.621785658877,1.90817475288,-0.499825035228,0.131091860082,0.511134442204,2.93149728361,1.10763281807,0.799495544496,1.90706534182,1.04068257945,-0.403026080165,-0.449862305208,0.651841401353,0.315660495562,2.39788032103,3.74590910098,2.15368583544,2.89228535085,2.60920779891,2.27061731865,0.518600418367,-0.132783566033,-0.0969560663294,0.421531029282,0.727244434653,0.401507600273,0.262346182941,0.909852868795,2.6239790991,3.45106058084,-0.496792382507,1.46944084495,2.24264391044,1.14679800507,3.54388094759,2.41548477821,3.36746662585,1.63558619453,0.0757107025819,0.923336502947,1.67646995727,5.00130081314,2.39464328926,2.8894921151,1.11435893446,1.20967138591,3.6093080121,3.60766491883,2.9782875782,2.81318368042,1.81834472071,3.03290628504,3.13195844123,2.78474819961,3.65655654568,2.68944763801,3.02147550097,-1.84268254833,-0.520703341246,1.76518633346,0.261622106658,-0.645804540855,-0.899933609804,-0.792937456089,-0.00499937803903,1.63483992416,-0.508264452297,0.0980800319315,-1.20651988415,-1.0426886629,0.590917815375,-0.218522086495,-0.463041285721,0.692673699353,1.93355012842,1.31252994708
17,0.228437569107,0.408384584786,-0.178974022415,0.659518390387,0.136817154074,0.969998839553,1.83491832487,0.634913219819,1.68716342179,1.5099886565,0.0253815236775,1.16865213438,0.981868417351,1.02895185117,0.478564273567,0.171495730438,0.133149740597,-0.227831732811,0.461458392786,-0.102736411035,0.129039409956,0.6130426448,0.241282158508,1.19493343851,0.811146037642,0.16480729522,1.19488320447,1.0642134424,1.05844462247,0.5909872572,1.31305205042,0.755389347255,0.623976810719,1.03664061771,0.521334810489,0.578075238159,0.867669507759,1.34435354056,0.40514715739,0.460640953123,0.369073523361,0.062237293595,-0.751454606846,-0.305458841664,0.597959394212,0.394173603257,0.864989116242,0.426238130148,-0.0960507779229,0.14820391686,0.676416099355,-0.219793304881,-0.129471247966,-0.144670457102,0.641009502422,1.08286551147,-0.0993249659461,0.877868706684,-0.00868621842043,0.208877869917,-0.252457221717,0.680355074777,0.1470733968,0.669322886096,0.0782963402961,-0.967595287378,0.12195055247,0.485747063191,0.614431336527,0.0677889089114,0.00506234812478,-0.260946940049,0.448844855801,0.36873598872,-0.0107874870372,0.792922373852,0.312501527836,0.437944970373,0.0901633159489,0.399714071862,0.905620602794,1.08051663272,1.33141128576,0.961435309459,1.54701613551,1.33209563062,1.80377879604,1.08963805146,0.931144144378,0.628201792239,1.17768505887,0.8728360811,1.76833464374,1.74614215168,0.935204509853,0.919377675584,1.13975496249,0.683912799227,1.11876023867,1.1203943537
18,-2.27116407378,-0.455535280063,0.385220164225,-0.319535289847,-1.43898790761,-0.57597361183,-1.09811899949,-1.10939669277,-1.85563012034,-1.45166084204,-0.660333696428,-1.36022924837,-1.03011062367,-0.918392824366,-0.18645841685,0.632260770345,2.61806325147,0.324007824887,1.30502452866,1.34833217569,0.60931993023,0.053304259163,-0.481989249783,-0.37768652842,-0.269797988577,-0.896469774887,-1.40218134231,-0.533795602486,0.120083422774,-0.646838337106,-1.12444208751,-1.32495517,-1.36495277062,-2.5004952518,-1.12556889849,-1.08526266328,-1.96585233612,-1.44615515136,-0.901114990471,-1.15140295409,-0.110232376128,0.167451628229,0.883367868495,0.231801132171,-0.317528469066,-1.28707287439,0.576587578343,-0.155187878427,0.506575404413,1.2875373212,0.995301750355,-0.330310656348,0.463328425991,-0.341611144637,0.638159482139,-0.950024324925,-1.64633182404,-0.309176041441,0.00904697832602,0.138040824764,-0.430673755921,-0.564206450067,-0.0379053823255,-0.901373973997,-0.480742146402,0.622109727517,1.5762113738,1.18173689432,-0.0378996778,0.657056078192,-1.90293829978,-0.923545141296,0.00503860588427,0.863517972427,-1.15568122559,-1.00073904867,-2.48229093349,-1.61473092311,-2.51863805295,-1.16319069079,-2.33542701977,-1.47181697752,-0.569852837986,-0.804848921936,-1.26862222479,-1.72175006795,-1.94767037864,-2.70000915606,-1.5674563892,-1.95591970481,-1.61986378462,-1.7447471634,-2.55214022965,-1.54509734994,-2.86046806723,-2.57706949305,-2.49468002339,-0.896566040103,-2.70000180307,-1.5114796335
19,1.25557976775,-0.507703682857,-1.02130969942,-0.073618399358,-0.305111877944,0.459446842188,1.20397075856,0.996625676714,2.62522355108,2.95327112029,0.696982153738,1.1239073361,-0.432929654297,0.514836287507,-0.209037798073,-1.05284753483,-4.18496311698,-2.5260091788,-2.38097236965,-4.27180253728,-2.81297571147,0.0637130703998,0.543982649346,0.605335396862,-0.28695438928,-0.0450583650111,0.564017915836,2.26688495725,0.9657202819,1.18832386868,0.440278069711,0.108046314256,0.530734067495,1.742748725,0.50738050276,0.180502499352,1.69635994835,0.599955245019,-0.319503978056,-0.56761145583,-1.32644625708,-1.45152511206,-2.9360636732,-1.96503966008,-1.04985769732,0.664457838458,-0.922008850292,0.207170973773,-0.663935459225,-1.11701140094,-2.38790840316,-1.48263007577,-0.943325106016,-0.536663866442,0.329960523822,1.95323081281,0.641192192364,0.753279821737,-0.0665130803309,-1.16751914639,-0.0601268642377,0.403526540057,-0.979416697672,-0.385311381666,-1.05141034573,-2.08965780842,-2.58877633111,-1.80407246796,-1.34350676592,-2.06202480183,0.821025036132,-0.250829140111,1.26157913754,-0.415722533792,0.945399446505,0.322935657299,0.601799035934,1.67062264294,1.91394200057,1.88224384015,2.84018044044,2.01014607666,1.17087382565,0.694699788343,2.58651095787,2.63828712069,1.14621952894,3.09620766041,1.26794592574,0.852679524759,1.55734023735,2.063070831,2.84073846893,1.36195824046,1.43071115317,2.58327613389,2.71965944898,1.12780593809,2.67196545428,1.07270035202
20,1.83225810101,-0.0142948920906,-0.565387387668,-0.877476174437,-0.238682231412,-1.65203135244,-2.11142309554,-1.72800862811,-0.869743277844,-1.48671563942,0.170713944248,0.103931919102,1.21292424984,-0.845817228287,-1.33874625452,-1.79290920811,-3.25310595102,-0.71126639528,-1.19386457634,-1.63298702272,0.204736949177,-1.68217162659,0.797263681098,-2.31964648269,-1.90302001932,0.0651072206645,-1.83425161239,-3.0298695162,-3.1552352189,-1.25457206704,-0.540269528889,-0.139306921135,1.52812671527,0.375475192816,-0.930545852008,-1.29985327388,0.218072116683,0.761569106216,0.799692852873,1.59965529128,0.262598299254,-0.689970395839,0.89877303896,-0.184493588885,-1.73895639765,-0.615551838595,-0.187165794003,-0.596313805431,-3.36041439998,-3.33501178128,-2.25489121133,-0.0545939465637,-1.16354117566,0.269551781276,-3.55013933873,-0.93507217725,1.6811142598,-0.929254899625,-0.738933083761,-1.65948378337,-0.802539626537,-1.43917781629,-1.52187604394,0.768607248443,0.860716335873,0.388190524795,-1.76037306002,-1.55550792439,-0.659899700335,-0.911080554413,1.78421800373,0.189720232633,-1.82676784652,-1.25798199997,0.615276233615,2.13461509304,2.55755832752,-0.210316757095,2.13608013884,-0.901718700901,-0.794290684967,-2.27005626493,-1.69557727301,-0.720115711026,-1.64788530222,-1.77990832415,-1.35347425588,-0.0502346234278,0.0445054346459,1.80380563621,-1.16432690148,-1.01727800954,-0.0933003807106,-1.26511987051,1.90833935142,1.26042336231,-1.08185178044,-1.08645878124,-0.213555229055,-0.406279787919
21,2.29585003939,1.58880793336,1.50705493272,0.870823035485,1.60320377254,1.92427600941,2.02618505132,0.732476012257,-1.6219602675,-0.695263824604,1.59014568222,1.40062068565,3.9948083972,5.04516214002,0.546291032138,2.11848078803,2.79440336119,2.49620759901,2.70995772716,4.58197702189,1.2064922852,-0.52363988649,-1.3698109815,-0.720578796863,0.486424667947,0.965325210509,0.882230816789,-1.15686460114,-1.97743424819,-1.35694199855,1.30615715893,2.06034738848,2.82656073766,1.89657181378,2.5084915536,1.96273201528,2.46672122164,4.25065306046,1.6649230951,0.310045018441,0.832218404335,0.571191144882,2.80191080222,1.78582333856,1.80757285451,2.74437793844,2.91980032289,2.56473207249,-1.46306405794,-0.189199309937,1.03382915469,1.96122795774,-1.0766258199,-1.47471484847,1.34263689915,-0.249782030862,2.87216674108,-0.171632296688,-1.8820698378,-1.69915943197,-0.891625685955,-0.845454501115,2.26812789444,2.54038864392,2.0268193652,-0.532527846542,-0.658821489501,-1.80428235783,1.74433461394,1.6364931836,-0.0623954505095,-2.10048322799,-3.01522621878,-0.942383859745,1.48883680499,1.64743102837,1.08841043688,-1.0566679287,-0.420710880471,-2.36618261088,-2.5323746189,2.2449237553,1.53049816904,0.0588271059582,0.275788394047,0.539370055046,3.57937430921,2.4601996607,2.77926770316,3.52282092517,1.85236156985,2.39353142227,3.23331871071,4.31286506034,4.13317667528,3.7958519329,2.74949787188,1.31537075101,-0.845346153743,1.07860376461
22,1.41383934309,2.03626908252,2.81659472355,2.22945178088,2.31016172988,1.57591231702,1.53559479842,2.5733205473,2.1595408142,2.19088910228,2.34761337963,1.79207899214,2.14816587236,0.988048457209,2.53333091261,2.98506255188,3.24394414607,2.40722673717,2.53159696738,2.33442195686,3.0405154973,3.01721607654,3.32815152694,2.99304782686,1.95700310609,2.16663516199,1.67483509896,1.89496527034,3.05418760688,2.31887308838,1.94525769117,1.9852758366,1.25348055854,1.36529649033,1.47394520579,1.75793838349,1.10242045509,0.986683232924,2.65546304685,2.14189880588,2.80395251174,3.00032246352,2.42747852556,2.92032604006,2.46899881131,1.53734407507,2.47481279171,1.95554612209,3.03662173315,3.05041633049,2.73650367026,2.31372231069,3.13107259354,3.51964237126,2.39265186491,2.35516838989,1.55434401285,2.33354483733,3.67932296944,3.29948776741,3.51079728884,2.52772412639,1.86350969329,1.94058947038,2.11949900887,2.88699780101,3.72507736143,3.52930595404,2.07086222211,2.14765101581,2.09593382095,3.16551161875,3.38800353423,3.09210898903,1.89975556466,2.07528080174,1.54307162959,2.55142232807,2.13405850242,2.70883154263,2.15737849922,1.17248663999,1.92659184336,2.85314422503,1.81631714231,1.33451891965,0.753207171153,0.945995388773,1.22187325526,1.45263506603,0.708416823083,1.3728980909,0.785206976714,0.508155410764,1.06878632759,0.268242438819,1.38077158576,1.67838393383,1.88943032992,2.38753698638
23,1.45779749283,0.529964414806,1.108726901,-0.356150659942,1.09633083565,0.923957838085,1.1267982903,-0.140532653048,-2.41245720535,-1.49790327797,0.222752700336,-0.362873169752,2.57437161129,3.17098302487,0.0486984261095,1.41530943412,2.21599677513,2.71624364147,1.93481899681,3.86309929649,1.39379797109,-1.30621903248,-1.8525979044,-0.530947012118,0.122002635883,0.245809103666,-0.698827856278,-1.91702638388,-2.10295388729,-2.145003052,0.368448830462,0.700124419532,0.749613570079,0.585922362659,1.54274293243,0.316934805032,0.641148834493,2.58754823946,0.794260260938,0.400974877362,0.510003529612,0.457687124253,1.95965767851,1.52001054909,0.878787513462,1.91458027118,2.45710195678,0.755177909096,-1.58469437629,-0.431914872659,0.603520394087,1.33590046708,-0.702373803192,-1.64678584173,-0.31472153278,-1.19128547408,2.01338450802,-1.26398271101,-2.32057830327,-2.35766212114,-1.09032017146,-1.11288101936,1.95600190893,1.70547214762,2.09631112488,0.0284550157106,-0.462444363574,-1.48974438304,1.19627046506,1.74991628409,-0.58161634741,-1.08918106932,-3.71581251091,-0.94252161996,0.392023250124,1.04028672365,0.914923280836,-1.95514064627,-1.22160294106,-2.79643528246,-2.81738166898,0.617147233932,0.380672838241,-0.765410219818,-0.988528791158,-0.818011910097,1.39468075873,0.426168218091,1.81270824936,2.41091065007,-0.0787592451562,0.713488798258,1.59389810861,1.79151282187,2.63088182952,1.51833328269,0.342341861124,0.880555247752,-1.80035144133,-0.480749417908
24,-1.24430189105,-0.335318756382,-0.235765077471,-0.65855297356,-0.246791236662,-0.979782810632,-1.56472672643,-0.48320997044,0.249063089067,0.209080426383,-0.185609894177,-0.176564806419,-1.59493347262,-1.97131858753,0.241280624037,-0.424368157008,-0.199674190962,-0.923619480998,-0.383105728982,-1.61895376949,0.295371564857,0.426347287678,0.851246708888,0.312291264687,-0.456227132406,0.0675128820538,-0.565557957753,0.672023376479,0.555021216718,0.615715688024,-0.992446987806,-0.614885402812,-0.756098894715,-0.735224835744,-1.19174818097,-0.499875818235,-0.70968942927,-1.86771676119,-0.37313821887,0.180178024024,0.447728141904,0.0749976221464,-0.156488118933,-0.811022152086,-0.499870049973,-1.1894641483,-1.09364682488,-1.21481766851,0.965577814775,0.892632758388,0.426234930228,-0.80251725535,0.686447352226,1.86361373967,-0.303097715978,-0.362431722963,-1.44351308508,0.448592698461,1.74890860359,1.2619870008,1.12925733553,0.605234898998,-0.697002920603,-0.539969073492,-0.844898644004,1.02745123896,0.702114439315,1.21503747498,0.232730363931,-1.04170754102,0.28418812861,0.747603072581,1.52847086306,0.770784134843,-0.76349720857,-0.0652973934042,-1.09576464354,0.0845783274977,0.0903783664979,0.896397770164,0.308568876432,-1.78591201099,-0.747919705038,0.0304482524811,-0.415099659153,-1.14604685214,-1.96504008694,-1.5086222537,-1.96980911657,-1.77575460193,-1.79532905681,-1.23176360022,-1.43065544709,-2.41127768418,-2.4810275339,-2.53406838099,-1.55468340195,-0.541019613777,-1.12662746628,-0.533212001198
25,-1.41540619194,-1.38000174833,-1.49325216267,-0.378757676323,-1.19124467517,-1.14483326687,-0.448961885835,-0.561725047131,-0.17159897175,0.320746685543,-0.148086467002,-0.331368596862,-1.82910588547,-1.18600218865,-0.852245514529,-1.07909804881,-1.31399781198,-2.10294447075,-1.65118479002,-2.40958500475,-1.46081270243,-0.713878982821,-0.517993749455,-0.328904039666,-0.721610101068,-0.850528446746,-0.474104795742,0.425799438146,-0.118551594323,-0.454234657827,-1.23002726458,-1.01849733445,-1.2030275052,-0.461818450572,-0.978782163737,-0.884413330032,-0.263925280911,-1.8503222988,-0.669001749887,-1.30137070679,-1.1209628226,-1.1819160847,-1.94775031675,-1.49301360845,-0.956024002012,-0.869167715304,-0.9128388036,-1.08215530201,-0.102380868487,-0.753275271795,-0.650951456985,-1.60233017004,-0.480258768909,-0.287355792459,-0.311628903266,-0.576219283356,-0.830517930099,-0.549563851767,-0.618513257736,-0.595640167373,-0.244217060346,-0.721020295179,-1.33785592343,-1.19318395956,-1.32546911721,-0.911678827125,-0.747818528052,-1.37035035244,-1.62729395308,-1.11185133368,-1.01157304991,-0.38566247352,-0.952748668204,-0.227838827611,-0.977173113961,-1.08736215858,-0.870349088537,-0.317211745533,-0.714948670355,0.754027102519,0.0480717639174,0.212924806351,-0.550617452947,-0.708404446006,-0.277500793254,-0.188692894766,-0.861290903538,-0.607126275055,-0.711952853412,-0.882063657464,-0.29993184408,-0.478321238151,-0.334660448583,-0.307387111681,-1.58150586285,-1.13302953215,-0.358774215972,-1.0110208297,-0.349318944145,-0.761313767213
26,0.895373799605,1.25829240784,1.59372558069,0.358678214948,0.56648180001,1.25209007864,0.605826205879,0.438287540698,-1.89998138765,-1.51736281584,0.409410014259,0.285678078894,2.1377681757,2.24972430498,0.805668319878,2.01695761893,3.5521110195,2.56115186596,2.83175839252,4.91521021636,1.63896173681,0.441650597995,-1.1448576118,-0.541920565009,0.26932894157,0.363016678989,-0.328061591922,-1.34984704116,-0.576516871132,-1.11534193997,0.520583724037,0.229860135271,0.658210792294,-0.202603776607,0.998288694964,1.52890867577,-0.126000541948,1.75765419513,0.911537193443,0.403745153401,0.889547087752,1.31437874816,2.78615510623,2.15339848667,1.36625179633,1.06639743427,2.0370025773,0.730545940674,-0.609373506781,1.04411866096,1.44863350319,1.96053616308,-0.344456896905,-0.490866084872,0.222247252431,-1.46736489593,1.25639018401,-0.723984166376,-0.526884779391,0.0268415738978,-0.1016094359,-0.00940954852163,2.11931666329,1.39850458563,1.68418980653,1.3434233661,1.11375316699,-0.446772954374,2.35874863921,2.47653098025,-0.213489034012,-0.846047125,-2.18165798087,-0.99435128696,0.0753636437032,1.15629304635,0.792764807267,-1.83359104333,-0.82092300716,-2.36335021214,-3.01043031331,-0.0135613870085,0.747430997996,-0.634922488617,-0.763424628179,-1.28486983847,0.558338947765,-0.205707281057,1.54751567453,1.35420418681,0.313468682432,0.263923838118,0.0579814358025,1.67494084476,1.19405595727,0.29317198419,0.152501285004,0.487561961429,-1.84732275366,-0.488108667667
27,-0.248762784544,-0.513320817313,-0.985703954639,-1.04010343354,-1.23850899426,-1.81758769589,-2.05954170768,-1.72898938256,-0.431275038848,-1.24464448205,-0.687029349049,-1.26646146324,-1.48980103626,-3.16184110082,-1.28458825154,-1.94521169101,-2.33250360325,-1.53686752083,-2.44404848451,-2.20239447806,-0.580279405066,-1.48277840039,0.166780349382,-1.41640438039,-1.62027759573,-0.523324577097,-2.59318117595,-1.64615045978,-1.31196112026,-1.29838248843,-1.04319136386,-0.687877499195,-0.919241956932,-0.841667135415,-1.66361436889,-2.11828622862,-1.42570289365,-1.70045661797,-0.976972121544,-0.260658072732,-0.616719164073,-0.234714872705,-0.815578499695,-1.18983439961,-1.49333470976,-1.22431007181,-1.63751827782,-1.418571323,-1.72369649601,-1.66914715964,-1.61739763557,-1.05304660578,-0.811428531975,-0.149649419884,-2.2221207216,-1.35574376236,-1.11490143652,-1.49797098229,0.219659606778,-0.838389173424,-0.511829179862,-1.39168668762,-1.72890901671,-0.61006767406,-1.01830002254,-0.136217492418,-0.954663303183,-0.776089602577,-1.0500175971,-1.192359783,0.475106833262,0.0485135670007,-0.431928631322,-0.844559113675,-0.794426184969,-0.805685134033,0.0114952157954,-0.57950877731,0.0190107035735,-0.231051158026,-1.02085280444,-3.09225009306,-1.76784311722,-0.689293290014,-1.97147517507,-2.20214367202,-2.19763909871,-1.60534410748,-1.97919513461,-1.07804606518,-1.82829895969,-1.46990847522,-1.78347229389,-2.55846167333,-1.30963249359,-2.3627574272,-2.30975890182,-1.18240572264,-0.704484072069,-1.00900351679
28,-0.961974472017,-2.99415943027,-3.25068847082,-1.59822742688,-1.29139750455,-0.196769197881,0.446743797768,-1.49339733186,0.911780529392,1.3655648976,-1.9720079857,0.0650699819082,-1.08087918948,0.258336259845,-2.63136016224,-3.18544479827,-6.01604104146,-3.67978738398,-3.73627460969,-4.91079329037,-5.88296689583,-2.48742684981,-3.08742904215,-2.04818105434,-1.54250741649,-1.91227836638,0.13679454375,-0.43167641101,-1.86931466832,-1.1832385797,-1.40056306742,-0.699110283088,-1.65372003333,0.712726404091,-0.795430495437,-1.409259595,0.708135361756,1.0912433802,-3.04817709644,-2.81421906847,-3.7900340705,-5.0893567308,-5.10129679522,-4.23947422418,-1.77955812057,-0.00563876454893,-3.34916307316,-1.46711202363,-2.64326491128,-3.88399267313,-3.7719432135,-3.02507609323,-3.81006918311,-4.05231554382,-1.3363967622,0.482024702272,-1.2693442656,-1.31114377861,-3.585262356,-3.90333648898,-3.40497321023,-2.58645861543,-2.56700667025,-2.40462239128,-3.14655133373,-5.84095512451,-4.88476865426,-4.78838428395,-2.96861601779,-3.16010827434,-2.70050888734,-3.15563729301,-1.89232635726,-3.28970459114,-1.26125038112,-2.09030674858,-1.33403185109,-0.862515986588,-0.725951382219,-1.13558071746,0.889623646602,1.8652823556,0.246097450721,-1.34421880722,1.25254010854,1.46361890377,1.66471214933,1.81025555158,0.879648669878,-0.24614216674,1.29861342279,0.75949180377,3.15113803569,1.78704019084,1.8043805176,2.82305843047,2.1255923785,-1.06540202983,0.962682980842,-1.02532694998
29,-0.396405057094,-0.849840956535,-1.25555897245,-0.410678577997,-0.474254063013,-0.717692405834,-1.12203160022,-0.971660573988,0.420159954363,0.153233075497,-0.639807939449,-0.301899393846,-1.62019082471,-2.10166954732,-0.977645320918,-2.31778274708,-3.74078695146,-3.05105782365,-2.62940810417,-3.66712386336,-1.6378803461,-0.243103204598,1.08617684037,-0.196265273033,-1.49908688922,-0.469822634681,-0.699709707523,-0.596347319482,0.023935734624,0.422134854193,-0.56074163355,-0.827590765342,-0.280418219188,-0.0647522823212,-0.518433918748,-1.44651050512,-0.442163628884,-1.01428360314,-0.929891698847,-0.274854101618,-0.670348108167,-0.961251071208,-1.77592184529,-2.22222701524,-1.63604755823,-0.951372228721,-1.63821983153,-0.920928075017,-0.688615010683,-1.39669652905,-1.8443726571,-2.17548336541,-0.0410689613142,-0.0871984493656,-2.20872762687,-0.401651716406,-0.950202196937,-0.285983764623,0.161289601366,-0.325686088883,-0.311375649595,-0.29191859238,-1.49372539734,-0.971279792757,-1.30572396456,-1.21662257304,-1.57490248047,-0.646003314316,-1.61181028711,-1.3970937212,0.656550542221,-0.0656939272523,0.475648398922,-0.361959736637,-0.77944957483,-0.921136855489,0.181014584761,0.435125618256,0.775260843459,1.33531091459,1.71632195189,-0.944823770194,-0.297918547604,-0.719863280698,-0.655905722472,-0.194376204187,-0.591766768501,-0.302700451413,-1.28253021112,-0.544460945131,-0.430289919963,-0.494330738771,-0.453547570534,-1.69933643132,0.108768194325,0.0463875454989,-0.125715916944,-0.772775352632,0.899979080275,-0.182540459946
30,0.539605171216,1.44492956192,0.738297135901,0.850121492122,1.06854420582,1.48596028137,2.17718945112,0.859362816781,0.528190487191,0.435409194377,1.00448134657,1.43218515856,1.61938314321,2.80888986631,0.953888765712,1.56580052123,1.19475763827,1.30144066246,1.52063288367,2.30034299038,0.167634707867,0.306449961201,-0.25785112462,0.309346738874,0.905688050124,0.466966348102,1.13191570329,-0.00757714929663,-0.12758061096,-0.455628219988,1.2412330299,1.39466578687,1.22198830944,0.926326442585,0.922172684321,2.0125980733,2.31848020414,2.47293220708,0.112877547091,-0.225577453469,-0.0440040950015,0.0695208533656,0.900688111393,1.60150864508,1.32655448601,2.04628677769,1.59512941182,1.64877529733,0.311003462479,-0.0877297827399,0.789331623039,0.861132431947,-0.477112423566,-0.99852440789,1.64034870799,1.05973365186,1.07381490333,0.594928461362,-0.715216676803,-0.973863515471,-0.378762243657,0.619580970319,1.32957531156,1.08999306378,1.27958211628,-0.746669776335,-0.250447525779,-0.368079175773,1.01982420946,0.887675989724,0.319967590314,-0.721605073172,-0.487368457828,0.331366134613,1.15581547538,1.12661426911,0.600509823429,0.632216205396,0.482540112345,-0.966099155664,-0.235523794043,2.42688484415,1.29492561171,0.480889160301,0.756522330489,1.75174278257,1.73172299919,2.10960405173,2.44958384076,1.99115991847,1.99083412876,1.99238643794,2.6351730799,2.99266478505,1.60683591046,2.30073750338,2.18253321116,1.32821760725,0.270085447591,1.05869744267
31,1.2323260649,1.31456133372,1.05480613521,1.71778176378,1.57038986398,1.32929841618,0.382489418225,1.45574141088,3.6564121199,2.86399038574,1.8600392012,2.15758728919,0.561637208262,-1.29112364242,1.38712315554,-0.177688783176,-0.653398014985,-0.380892068511,-0.873978970698,-2.28567785597,1.36201621701,2.74458197704,4.31784682349,2.50943839907,1.41582346178,2.2646022409,1.73257504274,3.54642007588,3.37585402223,3.74287635726,1.4991036462,1.14471629606,1.53964188709,1.91613629852,1.06892939394,0.807324909303,1.38919867448,0.405526040469,0.971966876142,1.57314251759,1.9070456928,1.94310306297,0.204603308163,0.558422090032,0.941191901168,0.739982368087,-0.253336134271,0.219358155092,2.43260667407,2.10286203784,0.275142479472,0.201286630066,2.76513000914,4.29196725738,1.57153980547,3.12400525928,1.10201904082,2.59335654844,3.88538696501,2.48113818193,3.41373929741,2.68330255221,0.227124810303,1.21287899279,0.816905656663,2.77032192019,1.9453527694,2.94215579209,0.622263437435,0.61092001484,2.54642223859,3.59432461382,4.34309351359,3.03405136963,1.62346488007,1.43573796263,1.59716811269,3.8602929483,3.48551805217,4.51923899268,5.08404696326,1.27277352491,1.46226673562,2.35929597198,2.91782917501,2.10175157933,1.22965022853,1.80732245902,1.41444905037,0.876280409804,1.26943572056,1.63266989897,1.2162547993,-0.101989836757,0.610310126161,0.947574506863,1.37400976069,2.17181523629,3.41695267818,2.03606317684
32,-2.50703398064,-0.939378271415,-0.528290478165,-0.0201425429673,-0.28401141733,0.5231584559,0.254570920879,0.659398168789,1.05754652261,0.631146677768,-0.811204223189,-1.02712194751,-2.01249810158,-0.917011306246,0.980292871678,1.25575496976,2.11534084267,-0.301030971792,-0.204783253968,0.0524706320644,-0.32834789633,1.56103212972,0.100596034338,1.60331980178,0.29352679891,-0.580433537863,0.714714790117,2.59532884451,2.62702702421,0.907054088063,-0.282027166098,-1.17148310785,-2.66045225441,-1.16826752003,-0.265298072691,0.0197612214694,-1.34718668993,-2.85153015773,-1.69416812859,-1.93497259775,0.144658716174,0.302730312324,-0.55030590716,-1.53873626256,0.10910018865,-0.987738983555,-1.09634936907,-0.0600177504871,2.9685299328,2.58658684067,1.11277482847,-0.589710921786,0.952009392314,0.636894779241,2.01479643908,0.245760002255,-2.56515149308,0.998423250667,1.19458844566,1.70077880411,1.3771050639,1.59740399743,0.266163350334,-1.00744654035,-0.82521728808,0.224445876631,1.25084014925,2.05560351393,0.161914864868,-0.202436056317,-1.69545418042,0.243964722975,2.75219099548,1.7544950329,-1.1262541348,-2.07577790044,-2.34916972543,0.0910026353041,-1.38945233206,1.10127739643,1.11435293693,0.243441232345,1.23503960579,0.883943325048,1.31909120133,0.847003925392,-0.360500608528,-1.09752472347,-0.973537899998,-3.30861559117,-0.357180348297,-0.284071811224,-1.38788627853,-0.688255252453,-3.05705591274,-2.70387650195,-0.462368533162,-0.207085958049,-0.321416604807,-0.0526303801626
33,-0.391844058011,-0.381324088725,-0.491905103039,-0.304976420024,-0.36882780272,-0.428071163571,-0.271762207339,-0.131203371897,0.620163465918,0.29833567938,0.00432129604938,-2.87909080012e-05,-0.257143578128,-1.05367596567,-0.899787199735,-0.526031591128,-1.96202351117,-0.69621622694,-1.01760897916,-1.7266254448,-0.960652690564,-0.25428447957,-0.141140732805,-0.675504530335,-0.852383696238,-0.362263637339,0.311285203847,-0.132192626363,-0.0346459323995,0.000178918059708,-0.178038840015,0.401237348703,-0.113792644722,-0.354247989977,-0.0913378475515,-0.269572088072,-0.107293443352,-0.000490489441164,-0.524151792162,-0.106643155207,-0.736584183924,-0.527154029209,-1.2100271005,-0.506346386112,-0.506508047049,0.125401755238,-0.764855722356,-0.499720424963,-0.999135585168,0.155084115974,-1.63810809254,-0.534038424666,0.140631336502,-0.295874928799,-0.858712684376,-0.207311613361,-0.146098403692,-0.399958229414,0.0677863944398,-0.767922724695,-0.340109207435,-0.399305943153,-0.762575861744,-1.00032234833,-0.61513454251,-0.557059938664,-1.60784279988,-1.04668038292,-1.19621894347,-1.17258453661,-0.181404056969,0.200126003468,0.424509289137,-0.564944351217,-0.189642870644,-0.00833284495569,0.144193837657,0.46785484389,0.946393456333,0.200726182935,0.375830234925,-0.145399468475,-0.187643855306,-0.253854320236,0.187425345338,-0.152750228991,0.383311055999,0.342559294289,0.0835885263143,-0.228428361183,0.366751675014,0.477658564207,0.285516504423,-0.247175617999,0.316721408003,0.938613936047,0.342989022388,-0.203187438323,0.508998535909,-0.243764571935
34,-0.105908372962,-1.10803839766,0.166042064871,0.963660730907,0.661659699927,1.6221097422,1.42366937181,1.66578934074,2.06115661353,2.67478640273,1.02085824161,0.761255797749,-0.549095760196,0.846953112695,0.73830831185,1.04104933408,0.536965835457,-0.0926859701054,0.2618248019,-0.961783887512,-0.832225144981,1.62177511377,0.183007153692,1.43261704253,1.38470768574,0.188016976608,2.22550429619,3.13573629366,3.08953201497,1.76748534122,1.40393928194,0.613528584765,-0.641670808826,1.39648914948,1.09911158605,1.16043211422,1.14010414441,0.292837309484,-0.131856614018,-1.35521934806,-0.279549536575,-0.560116327862,-1.12103394371,-0.407395408696,0.996056717756,0.771013225005,-0.158149213848,1.48365367405,2.46276463138,1.70466244543,0.477503359481,0.445539349359,0.579235555099,0.508592994517,2.12004021356,2.06450978568,-0.0959550454704,1.60056553085,1.16394110385,1.55852934873,0.527188272664,1.27721026453,-0.0707130936022,-0.24080562608,0.271573081782,-1.39731678191,0.503211697999,0.444150714047,-0.252120969321,0.254918113166,-0.182196170752,0.231469912953,1.82901470164,1.36663067763,0.298115801905,-0.584256341833,-1.0419986145,1.42635017727,0.268754736075,1.76456434963,2.38806023945,2.77125891166,2.027319327,0.956164550645,2.68524242216,3.30857551239,2.15760698645,1.91455994823,1.02860163655,-0.734894579623,1.51764787654,1.34561934542,1.71700997549,1.63297758575,0.112492096537,1.22619881071,1.93634859853,1.14283958958,2.46207172769,1.00283641956
35,-0.924592232218,-1.32523459484,-0.873147278569,-0.461573225055,-0.746951387026,-0.39768534462,-0.25184717343,-0.533408870652,0.21352415731,-0.559429710394,-0.904763898799,-0.225782962368,-1.48960312469,-0.474572710061,-0.612801901376,-0.697849213217,-0.976686284752,-1.93860133724,-1.12689198076,-1.27885158092,-1.93367426399,-0.530733496281,-1.75412520213,-0.556253731873,-0.654818128535,-1.23441896185,0.369171478874,-0.0572830161503,-0.0922619848288,-0.124894288491,-1.0383826547,-1.05099074355,-0.999972013032,-0.66602065341,-0.337652003418,-0.677801039027,-0.283327728915,-0.552804716629,-1.94258184287,-2.20932738333,-1.53082440126,-1.26310887102,-1.49599374443,-2.41499303018,-0.48256340156,-1.16884651698,-1.25359915327,-0.568438692094,0.0944095277079,-0.592678658757,-0.984575857553,-1.20320922683,-0.736186895044,-1.0611864858,0.286876360645,0.144884747783,-1.47011820236,-0.814161714613,-1.1234183388,-0.72894011017,-0.929362056061,-0.4334093375,-1.26855515381,-0.689344533844,-1.43119989719,-1.63475687921,-1.44136170173,-0.937156417841,-1.0613083863,-1.41502013591,-1.295483053,-0.933833497543,-0.338338598295,-0.610996389208,-1.22159105565,-1.60725577809,-1.700721343,-0.764378516597,-1.77366562304,-0.167528736706,-0.0188912962631,-0.12380039828,-0.758876030253,-0.61610957797,0.256503293872,0.691118561532,-0.212158641708,0.179385067427,-0.673525019664,-1.02779115234,0.0837073716845,0.296404111436,-0.485425508962,-0.789733337445,-0.813246436087,-0.166628768689,0.338340170417,-0.214303749788,-0.0395720959646,-0.731848263277
36,-2.806269293,-0.00474727801113,0.832317300754,0.193104360227,-0.652392141148,-0.215670518579,-0.56004093877,0.0822568835467,-1.55763083468,-2.09551252522,-0.779927397324,-1.92344315681,-0.911499189473,-1.15409313958,1.64733799228,2.39410511767,6.23934504665,2.04759783465,2.95396299262,3.83497748785,2.65165127611,1.50350837484,-0.222825072852,0.410778664872,0.243712836481,-0.636987832934,0.531955564001,1.01384144638,1.76218317941,-0.365449551861,-0.750817168017,-0.950742950956,-1.51635113636,-2.51037229084,-0.776439087396,-0.0537974671211,-2.61591454028,-3.06912600204,-1.26106154147,-1.8267068049,0.68060823,2.345577457,2.41300708296,1.27540649102,0.88197715588,-0.818261945177,0.941801514862,0.119559505022,2.68601561877,3.65071120776,2.69884641237,1.26843991518,2.02250271101,1.47439922052,2.09978786694,-1.85489620585,-2.20956979324,0.141926332073,0.683841390196,2.21180802473,1.51217830068,1.02340063593,1.49054661955,-0.335795681267,0.132521937537,2.19308738351,3.17934582548,2.89562703845,1.77748290208,0.873649036345,-0.998264822766,-0.0902375794087,0.375906402345,1.80190960805,-0.655324307381,-2.00164254305,-2.88216357706,-1.90233829738,-3.07077353589,-1.11516207677,-2.17771854179,-1.95566418604,-0.0979793798362,-0.425073571551,-1.38046152122,-2.30711872009,-1.3885191442,-2.79979129092,-1.75435921879,-3.47810188182,-2.00559243785,-1.54107260306,-4.54399027462,-2.33943843533,-4.63064116582,-5.22037079658,-2.86037686627,0.3442461253,-4.03928666312,-1.04575073503
37,-1.83189832305,-1.29401402911,-1.71677503969,-1.76078072539,-0.843334636486,-1.34269366321,-0.842841358205,-1.04971477526,-1.98347002743,-1.73085959342,-0.897057987284,-1.53383565536,-0.861060821717,-0.290865718395,-1.23954902003,-1.15462441023,-0.49564841352,-1.5832780305,-0.503085234416,-0.702618897546,-1.44986015746,-1.77368201923,-2.07876990281,-1.37192988266,-1.3029019879,-1.32464517342,-1.30601011999,-1.59290909513,-1.4865764105,-1.81718487659,-1.43477921652,-1.4802985673,-2.04084353687,-1.20769720002,-1.43233867058,-1.33817896797,-0.956164084544,-1.27710290174,-1.26894475711,-1.76676329874,-1.48640327536,-2.08015516141,-2.09172969594,-1.35862496621,-1.24068324727,-0.765792492756,-1.48441028012,-0.720768006567,-1.54160873572,-1.04263244199,-1.43704000476,-1.60665631943,-1.75610712624,-2.05038919071,-0.885206646235,-1.34041524579,-2.2020288235,-1.82613626505,-2.1704548777,-2.10231310496,-2.31048723222,-1.60420932593,-1.42091011418,-1.77049393834,-1.129132064,-2.23998121684,-2.05899462949,-2.28035634751,-1.20835105844,-1.60634922166,-1.47971545068,-2.17975549191,-2.04015992756,-2.09790806577,-1.46948186488,-1.1882077248,-1.35542780566,-1.84183050292,-2.30874105285,-1.67674395327,-2.18578890897,-1.6161367869,-1.39264149962,-1.65747926812,-1.55656462692,-1.24161895792,-0.410124179942,-0.793553622704,-1.44027508756,-0.82925083129,-1.49635289789,-1.21120443876,-0.539492997535,-0.242527078053,-0.919228409533,-1.89527001334,-1.01511056958,-0.838165554496,-1.64869918552,-1.3815419254
38,-0.0714553361985,-0.265150640736,-0.162327425182,0.490784673698,0.158849000777,1.07803904982,1.6995982411,1.34500998995,-0.396096728192,0.0189634764206,0.0961370838533,0.0418474277521,0.833696032086,2.56451881996,0.130755161044,0.891184982427,0.942931435036,1.29413716121,0.533133202986,1.81320534907,-0.559022702498,0.326210538417,-1.5542074685,0.540183833362,0.497970892438,0.16292645537,0.81702306847,1.43209007639,0.243046311749,-0.349637754647,0.670003983468,0.563765520773,-0.0243890554962,0.232959945432,0.678958040253,1.11513892747,1.19315009211,1.49728947017,-0.378319016756,-0.76046370556,-0.494300834925,-1.02021966859,-0.490871033303,-0.517396994323,0.487542519264,1.11418130187,0.596207103463,1.15570918059,0.0762003173641,-0.0360541299924,0.530896571456,0.517231714179,-0.875308627539,-1.47003229384,1.02784462158,0.600203433601,0.482113407702,0.32631687456,-1.01744238807,-0.789637739023,-1.1938071253,-0.327178984128,0.611850419057,0.771890746983,0.0959758880331,-1.26091519968,-0.429401209992,-1.42298886709,0.590611967198,-0.133586139776,-0.95398742597,-1.45463822004,-0.819685474712,-0.0452400085244,0.107929994697,0.716202124651,0.380550845824,-0.37050805504,-0.39461868365,-1.16194553641,-0.00307119267744,2.13120030792,0.713320842539,0.510085108275,1.03611964167,0.949462558027,2.19779735612,0.837833480398,1.85374527166,0.804617664278,1.24992051201,1.3576663595,2.05037212905,2.31689519488,1.09040302365,1.82961735769,1.78481136031,0.748681108924,0.638855267477,0.43685086904
39,0.353532418875,-0.474003319064,-0.833519337279,-0.308029993846,-0.514562491569,0.0345779042388,-0.0848962094931,-0.367941581941,-0.3145958778,0.545016592442,-0.555681600246,-0.139556495657,-0.344205131204,0.471074203698,-0.205651483692,-0.789875213007,-0.862679270061,-0.454463214504,-0.997895608546,-0.7278188319,-0.668295795414,-0.567786997475,-0.648795470377,-0.521278699467,0.266661194766,-0.446086216861,-0.545321769357,-0.0812021438891,-0.758926306808,0.19783287626,-0.487466264538,0.140274685863,-0.250800704804,-0.0904264214856,-0.0549474664381,-0.279388916841,0.273854216625,-0.297719475233,-0.413024357844,-0.34295004413,-0.501891449872,-0.49724331572,-0.824682837105,-0.315532249096,0.593473339938,0.78259589587,-0.421990061345,-0.570261239805,-0.332205620097,-1.35904244733,-1.2557481715,-0.721141327364,-0.490317401753,-0.630826839914,-0.259373303594,-0.17686530839,-0.182251543134,-0.00637076421104,-0.615418573629,-0.930817100861,-1.14341369787,-0.219451117066,-0.295814741184,-0.968587937543,-0.448719896069,-0.431122331861,-0.920909069502,-1.12894948351,-0.561882126733,-0.556097860896,0.0445832442888,-0.760703773578,-0.464569491586,-0.777793638469,-0.296470083981,-0.174205252289,-0.17017806893,0.0195570397678,0.129897750467,-0.443467739868,-0.335569635331,0.38751066947,-0.164231379117,-0.519078239023,0.316331760393,0.601947230425,-0.481293096538,0.106498417275,0.197435767927,0.354670559356,-0.0114636919416,0.198441469264,0.546816846703,0.177150444881,0.108660709507,0.412639655802,0.152458825276,-0.73654799182,-0.354513218123,-0.444997024634
40,1.0552170601,-0.409377558942,-0.488509251511,0.0705567581717,0.874032616451,1.78711234149,3.20599533666,0.349836244063,0.557666289401,1.96294796603,0.849476384762,1.24644779635,1.79156721393,3.52413773451,-0.369796329136,-0.0999151730091,-1.00294485199,0.580881806493,0.0351092688895,0.17968929219,-1.39090522159,-0.795676009823,-1.89032041853,-0.22794571373,0.84764285223,-0.122063050955,1.11592155066,0.508638806475,-0.395091400778,-0.86310914545,0.808113107114,0.967213987043,0.787289510072,1.87941904502,2.17950169777,1.41607343529,2.91417832147,2.88221943154,-0.12637525869,-0.99704768268,-1.46849259473,-1.78118560063,-1.59749424704,-0.9054277997,0.49915377401,1.77441832627,1.4387663363,1.36445184296,-0.835060638306,-0.866930579678,-0.671112399933,0.170100181106,-1.61459140686,-2.88592206403,0.931839041047,0.960533618871,1.88431348545,0.0630098827438,-2.77244857223,-1.91074754094,-2.02853638712,-0.534700953144,0.782562188651,0.625566864271,-0.27179943286,-3.08421730298,-2.53927447679,-3.23187354241,0.119514207647,-0.368166597981,-1.04911313123,-2.45873985441,-1.90682259885,-1.41827701902,-0.485322854216,0.194419138113,0.742714647108,0.141313802039,-0.740942491811,-0.340380088901,0.120121959965,2.89490416879,2.38000912644,-0.0116198651818,1.91613257278,2.21826388103,2.93473581723,3.0002468629,2.93955341258,2.43125593634,2.66997651325,2.51712926551,4.2255993204,3.85495555449,3.33424507656,3.69237162568,2.58962720522,0.681643861831,1.38267363667,0.732257640859
41,0.929634256067,1.63908447401,1.95824662621,0.171014817834,0.486136851674,-0.955269201232,-2.00736213016,0.43202245144,-1.83035583485,-1.93897653169,0.542493508887,-0.736283334062,0.340890639321,-0.849167753136,0.639733333933,0.66137164443,2.08543776957,2.05303592529,2.23670045831,2.50520738412,3.33516643854,0.660342530579,2.53523016246,-0.023537516669,0.105413935904,0.952304386728,-1.08339289846,-1.16055620896,-0.399599055569,-0.0519597746357,-0.169121699102,-0.302079366323,0.687042748169,-0.819965822614,-0.765179738119,-0.18255582838,-1.2717179171,-1.93660465115,1.61401116248,1.90964535797,2.5035639992,2.8679399024,3.66539188507,2.11340773067,0.724820365352,-0.887951342123,1.05434587411,-0.418647484084,0.278615166007,1.05070161581,1.67446907901,2.04575042599,1.61827621078,2.51889452146,-0.571118790121,-1.12822866859,0.726719528221,0.527518643162,2.32716853897,2.00214969142,2.43725512038,1.11750821524,0.504470157641,0.325719476645,1.79629080953,4.02223875779,2.37180648674,2.94671595642,1.48682378511,2.10941901167,1.97786089696,2.58891812808,0.785519621481,1.24113925951,0.453587216226,1.44048365854,0.362142450958,0.0032646268393,0.543757872893,0.33241749164,-1.04604514182,-3.15037453315,-1.10565324227,0.505568150752,-1.42062437377,-2.96203342119,-2.10698151963,-2.02809166458,-1.91121038283,-0.0151811789314,-1.97816780473,-1.74293453289,-3.39190394635,-2.64111673971,-1.50127291468,-2.57370516739,-2.32438870157,-0.361165660016,-1.15783597259,0.0348942007228
42,-0.375793602981,-0.206339027398,-0.736832923947,0.169663309203,-0.415473351161,-0.333091950267,0.0753252130184,-0.200610797429,1.30380515049,1.07167854816,-0.311875510643,0.408722947487,-1.17814060777,-0.563192393763,0.164553882757,-0.257315866572,-1.22910868425,-1.25637899258,-1.08837823224,-2.52692929756,-1.69093774801,0.81415362458,0.447945024956,0.523409251681,0.0293617623087,-0.417121519651,1.1264020391,0.922951862085,1.17962864718,0.166751484179,-0.544767294832,-0.253496708941,-0.893795200031,-0.170608464584,-0.233427133983,-0.0299729646452,0.0178788233741,0.00223764123248,-1.06706047798,-0.56520957104,-0.578581996362,-0.886703241118,-1.79728664824,-0.941283045618,-0.405845516768,-0.343090561065,-0.949609793626,-0.693507342741,0.69173424959,0.318471590896,-0.595964003192,-0.92533496525,0.349455877048,0.0481507466968,0.567506779318,1.12532947145,-0.795546147007,0.0281298931182,0.0421280069655,-0.0574363588297,0.288200041663,0.467794562683,-0.581865505345,-0.643388728157,-1.13270666516,-1.27088545282,-0.939116293387,-0.152226838922,-0.729637770194,-1.11926777843,-0.65945369173,0.434863313617,0.561644909388,-0.0196829556152,0.0402029693439,-0.781746231006,-0.428723267218,0.613153715944,0.596813035165,0.265857326779,1.18914471378,0.881114980406,0.570907017545,0.50949258851,1.42460866984,0.951378950396,0.428655968903,0.76771539866,-0.436164402935,-0.798065795625,0.349606641735,0.65337726378,0.760672886189,-0.247376693036,0.315297325146,0.277929312289,0.889570391644,0.0534474719561,1.47080729077,0.695614340475
43,2.10184058724,0.651411051645,-0.031352656651,-0.0614478866128,0.723067151876,-0.202707866968,0.747089592852,-0.163485873798,2.2983111741,2.07947477012,0.873294930072,2.52042974136,0.228122476,0.318410862931,-0.643390583516,-2.91074784979,-5.60160336508,-2.66573975997,-2.70764679249,-3.96669459659,-2.38108890276,-0.865335977437,1.07556763413,0.639183220549,-0.333682831968,0.253768601506,0.0505316047965,0.206019303637,0.0266118593893,1.73375653326,0.599107954045,0.356719493688,1.61376547378,2.73136403386,0.535363433164,-0.547564238948,2.78724154977,2.68263326371,0.56165035303,1.64832644953,-0.80086081073,-2.05558054302,-2.64145531695,-1.08493871371,-0.384196520929,0.448307317634,-0.631386851628,0.184237729552,-1.41876011789,-2.90569112573,-1.70187236311,-0.463375691008,-1.02654786984,-0.544271250837,-1.48021143946,2.1845397254,1.62489544771,0.460994762245,-0.14099259775,-1.92300516255,-0.203642876394,0.0824659106436,-1.14508710019,1.02073169886,-0.28057999073,-1.62799914614,-1.99367424123,-2.07994500428,-1.51783475935,-1.61547571002,1.53882262841,0.542010048814,0.90331750816,-0.720945975946,1.26892721566,1.44216849659,2.89513486369,2.41364673242,3.0122730219,2.1618607937,3.3209342701,1.48204120197,0.776813272887,0.695417758982,1.65065447998,1.80821335113,1.5464551324,3.24812880359,1.59711130219,2.6861683683,2.51719995212,1.35601196308,4.23818248986,1.95735090862,2.88319065174,4.03044888758,2.76983312658,0.496868946843,3.68975888628,1.61457477287
44,0.914868842766,1.7797409937,1.12342120205,0.29944024563,0.837459329358,0.337680448857,0.470417777189,0.879842281126,-0.850807892774,-0.772944614435,0.35263975054,0.0920656147345,1.42610276519,-0.00102330189278,0.730636173884,0.882225316238,1.85800956038,1.67901695762,1.71592176027,1.77672100774,2.16736774536,0.929770796134,0.866938758745,0.2167525635,0.607011709366,0.704057031762,-0.271335991003,-0.204068479297,-0.0801843010845,-0.0829827269253,0.548694696976,0.818910501723,0.264821056737,0.262370680121,0.618003303822,0.520045931235,-0.520079175722,-0.321937288503,1.35731160767,0.922383715167,1.34066687007,1.33355390625,2.1475896516,1.76574590708,0.9306892769,0.824166450241,1.0405234982,1.1970109433,0.309474591432,0.805226632996,1.3476547072,1.00846076152,1.36185175135,1.08339869153,0.196891442632,0.118011493504,1.29824356695,0.328890908908,1.2481254423,0.860071722441,1.15214728825,0.546058552766,1.04070236012,1.28298407111,1.22973356118,1.95851234549,2.03824421746,1.23710074372,1.29360760532,1.50574547147,0.944117470373,0.931242972031,0.996732400802,0.814129641365,0.564653376889,0.948601118951,0.98138277821,0.204131330775,0.231311971439,0.433794926917,-0.595387084399,-1.12937882668,-0.0972685546137,0.624250783709,-0.322362624448,-0.352819843632,0.20873397352,-0.0955410883284,0.378842546165,0.530308292017,-0.631520391141,0.026837845267,-0.415413537289,0.020729727565,0.285755029861,-0.634977677782,-0.226073349588,0.652192161721,-0.989193160484,0.295082675334
45,-3.29436515933,-2.33312869875,-1.7148243097,-0.837933295359,-1.43912094374,0.154770390278,0.966183905328,-0.410196351523,-1.03221634556,0.505057297839,-1.43212560842,-0.568281204784,-2.38379744982,0.423866090637,-0.508533482454,-0.0312651760786,0.374165299551,-0.794465766405,-0.344700627952,-0.741027868926,-2.82944031788,-0.419388352323,-3.31015776974,-0.258734588562,-0.53910293359,-1.45600556019,0.944318802425,1.03853669838,1.04554368078,-0.896039911692,-0.81201610916,-0.709535011403,-2.83202531812,-1.01952665548,-0.818579899459,0.0789205622461,-0.783695457523,-1.03886457286,-2.89695686059,-4.69403094286,-2.58797628793,-2.35346208222,-3.37497350102,-2.41295845489,-0.246501298506,-0.467574105561,-1.03091354768,-0.0241173104831,1.22855839797,0.314274062486,-0.571591065208,-1.38720200265,-1.13119743211,-3.60685030085,2.17768688417,-0.37150730862,-2.83880213688,-0.511785887201,-2.12715865715,-1.26206924487,-2.32327377813,-0.96414593141,-0.102347845944,-1.49551568549,-2.35694883028,-4.08197742981,-1.13237552962,-1.45641743337,-1.22218246254,-1.61299689862,-3.84091553003,-2.74277686058,-0.854396296631,-0.83157994084,-2.18781851067,-3.10753038165,-3.84310991106,-1.667077663,-3.05083882742,-1.64364513383,-1.29119994465,2.00899736909,0.709140238479,-1.5196006727,0.0598854685015,1.38839175833,1.21021546606,-0.148868744955,-0.187255815409,-2.66175440303,-0.313609377914,-0.510225108843,0.24975516907,1.5652343032,-1.63642557497,-0.847833298324,0.478240541696,0.0568942965869,-0.59491243243,-1.35182773261
46,0.499304568577,1.82223712279,2.52778090579,1.36082449217,1.6077984966,0.869077960612,0.802886270166,1.58639021479,-0.953379507139,-0.25798151052,0.410320891178,-0.0897238238457,2.08893016819,2.19915055593,1.85303251855,3.28923424615,4.31354082201,3.20069145805,3.16354265136,4.42928737912,2.63064542714,1.0966552192,0.879766629184,1.29576817646,0.701378301312,1.42939860707,0.314153066357,0.120936673289,0.00719029334378,0.505120679617,1.35074707939,1.14361237744,1.44391108705,0.0361618569895,1.79574498335,1.33566203804,0.46066200536,1.02256240652,1.408532567,0.830546257717,1.7784510501,2.15450139943,2.97925742614,2.31520201369,1.60936418217,0.564510267885,2.75970969747,1.58675912838,1.28869204993,1.80801992055,2.67543300381,1.85502303594,1.51915292247,0.624057268936,1.87950967246,0.190036258909,1.35431815966,0.482540102671,0.793845808715,1.31689081753,1.53532631507,0.626495390471,3.45744033995,1.68304700908,2.37397527116,2.80296785214,2.23605894401,2.07907690555,2.37590365539,2.33010761592,0.173781138224,0.89371971734,-0.377264096854,1.10875724593,0.957857489018,1.10954301104,0.874933541173,-0.300323483681,-0.317733995806,-1.00667529953,-1.42347003349,0.490402652149,0.450554697666,0.241068461081,-0.238148483794,-0.24046181185,0.678844138742,0.0541556844821,1.04993484266,0.921714480701,0.949529179575,-0.132631420472,0.258017600598,1.54165440795,1.01587382155,0.226510710533,-0.26150320503,0.814994211124,-1.33347227946,0.430331592041
47,-0.817864080427,-0.985710915931,-1.29584421275,-0.613821364866,-1.09351887139,-1.11203606083,-0.954410164991,-0.263356626318,0.359890314429,-0.316505069384,-1.36763361329,-0.565300044473,-1.18177378258,-1.58192061511,-0.502805623015,-1.50873254758,-1.74875701955,-1.39540263041,-1.10059537399,-2.08820723676,-0.305196354087,-0.249940067581,0.0557568891271,0.401859854946,-0.653155300672,-0.724008718693,-0.38645277569,-0.152314149188,-0.278176099315,0.117093443811,-0.695732164901,-0.807339990973,-0.880549018526,-0.554300437641,-1.31455223618,-1.17542089831,-0.385712468508,-2.11077337105,-1.06205482071,-0.785217972667,-0.897558473791,-0.416708948357,-1.08828706014,-0.667437470822,-0.354719633242,-1.60936043403,-1.74542818472,-0.928789689534,0.261073630297,-0.448535617428,-0.98171321827,-0.682706795778,0.302771463731,0.300834527225,-0.689565936175,-0.406470380897,-0.995980132028,0.222840177161,0.828562613533,0.172599671283,-0.199409570999,0.280380108272,-0.882238291163,-1.17413304003,-0.916578338743,0.411217270531,-0.803072509994,0.290903019039,-1.24582325999,-0.338116184091,-0.984796576468,-0.0451219970431,1.05489750008,-0.135182827388,-0.238706993734,-0.982912372373,-1.05522985445,0.465487385332,0.294933423234,0.458497594638,0.219085651785,-0.506512785246,-1.14463474291,-0.188876330187,-0.757018021829,-0.69148701705,-0.949250335085,-0.692211809341,-0.994416964129,-1.78877817288,-0.560586496351,-0.774349279196,-0.973048809209,-1.56086535414,-1.2967517912,-1.8426070689,-0.97487272692,-0.668241111851,-0.117181053841,-0.331793686489
48,-2.76115291674,-2.15910859438,-2.72682792301,-0.759938793133,-1.71246643669,-1.11923959934,-1.22951479507,-0.150626143839,2.05337594571,1.7788038243,-0.38211648297,-0.392937336784,-3.80040065982,-3.65625884788,-0.451888291669,-1.96294245301,-3.34960955536,-3.73391797024,-3.76215823112,-5.30392569168,-3.04521679658,0.697573038884,1.29043709309,1.13523852877,-0.550768420416,-1.33999958164,0.400724873635,3.34249329903,2.64395037365,1.70068382127,-0.905719100397,-1.49846560099,-1.91601067675,-0.406421658555,-1.98443162215,-1.93834473997,-1.31215507736,-3.75598586091,-2.23295507869,-1.71564228193,-1.0937739368,-1.91307875802,-3.57367406218,-2.71225171861,-2.16404301131,-2.17065591258,-3.6255879092,-1.79624564163,1.79332204132,-0.165044223432,-1.60909352593,-2.78416645899,0.4765181293,0.320089566768,0.508125856052,1.59930498685,-2.89770940221,1.10395285551,1.07359524471,0.95679001902,0.255991281354,0.472213130772,-2.00470465149,-2.97056433181,-3.1312146308,-2.32720072673,-0.545130542071,0.872430528466,-2.77169898091,-2.54851837445,-0.232203208454,1.00808347335,3.61418728776,1.56891269445,-0.939671900937,-2.60701037327,-2.25294657547,1.62864455901,0.636187383789,2.64885675112,3.25565878504,-0.190236509905,-0.923928197958,0.215456856652,1.55359531656,0.706776322941,-2.00673462943,-0.0863939261598,-2.13030331916,-3.67535196264,-0.551461718479,-0.346793068494,-1.24867050116,-3.01520054803,-2.9305522428,-1.88124951091,-1.42899783804,-1.06918809072,1.48717645773,-0.203734545751
49,0.530801044961,-0.474303580344,-0.218624145342,-0.611200297937,0.12119971001,-0.511715932477,-0.201740407801,-0.384092955636,-0.188836367924,-1.10301851425,-0.544626474746,0.00214768703223,0.868383163942,0.320146279126,-0.700125918769,-1.20156484771,-1.49202067125,-0.380579264454,-1.05720793506,-1.16297983463,-0.896538587443,-1.7484032456,-0.634335641385,-1.58081128604,-0.803135089028,-0.720858431552,0.0259588756694,-1.45171540111,-1.46263313521,-0.835794628925,-0.556171586929,0.00300219619921,0.810947669498,-0.000589637881661,-0.153075679024,-0.211880665477,0.380145197975,0.706043460164,-0.274444782059,0.262675314293,-0.807069792754,-0.695770945392,-0.610896875224,-0.473410939949,-0.212663145714,-0.23366181194,0.518436040905,-0.29324219489,-1.91093067076,-1.91591039059,-1.9060517476,-0.763923523569,-0.742890079449,-1.16382027858,-1.71518201806,-0.685342332245,0.229886818425,-1.08107312278,-0.831050553893,-1.23887148001,-1.16516000216,-0.770252267245,-0.660238820077,-0.0994413572751,-0.0457174220675,-0.967075685203,-1.98673472735,-2.05559509497,-0.876636707864,-0.339271495871,-0.180039154357,-1.54624037841,-1.78660505561,-0.839963165535,-0.372025119162,0.573707336779,0.773759084647,-0.431826181202,0.889647533539,-0.518843556147,-0.773159749864,0.182402777054,-0.640297313854,-0.424886046918,-0.599748731734,-0.193227287465,0.237360246201,-0.230318019349,0.674533906882,0.993658362108,0.0669009437495,-0.174319508567,0.802821502848,0.127463540778,1.03590880766,0.975073213041,0.209613733193,-0.778605982501,0.349061213163,-0.71550470826
